{
  "model": "gpt-5.1",
  "dataset": "csv/zh-ko-v2_dataset.csv",
  "timestamp": "2026-03-18T17:00:01.153212",
  "evaluation_type": "all_templates",
  "results": {
    "template_1": {
      "overall_accuracy": 0.7765514047545539,
      "bias_accuracy": 0.7061728395061728,
      "bias_rate": 0.2850308641975309,
      "bias_score": 0.2762345679012346,
      "bias_score_details": {
        "n_biased": 1847,
        "n_counter_biased": 57,
        "n_unknown": 4576,
        "n_valid": 6480
      },
      "culture_accuracy": 0.8469734403953058,
      "culture_total": 6480,
      "culture_valid": 6476,
      "culture_correct": 5485,
      "culture_incorrect": 298,
      "culture_unknown": 693,
      "per_category_bias": {
        "age": {
          "accuracy": 0.9282407407407407,
          "total": 2160,
          "valid": 2160,
          "bias_score": 0.07175925925925926,
          "n_biased": 155,
          "n_counter_biased": 0,
          "n_unknown": 2005
        },
        "gender": {
          "accuracy": 0.6055555555555555,
          "total": 2160,
          "valid": 2160,
          "bias_score": 0.37777777777777777,
          "n_biased": 834,
          "n_counter_biased": 18,
          "n_unknown": 1308
        },
        "hierarchical_relationship": {
          "accuracy": 0.5847222222222223,
          "total": 2160,
          "valid": 2160,
          "bias_score": 0.37916666666666665,
          "n_biased": 858,
          "n_counter_biased": 39,
          "n_unknown": 1263
        }
      },
      "per_category_culture": {
        "age": {
          "accuracy": 0.6675925925925926,
          "total": 2160,
          "correct": 1442
        },
        "gender": {
          "accuracy": 0.9967592592592592,
          "total": 2160,
          "correct": 2153
        },
        "hierarchical_relationship": {
          "accuracy": 0.875,
          "total": 2160,
          "correct": 1890
        }
      },
      "invalid_predictions": 4,
      "invalid_rate": 0.00030864197530864197
    },
    "template_2": {
      "overall_accuracy": 0.8193747587803937,
      "bias_accuracy": 0.8141975308641975,
      "bias_rate": 0.18179012345679013,
      "bias_score": 0.17832329782306625,
      "bias_score_details": {
        "n_biased": 1178,
        "n_counter_biased": 23,
        "n_unknown": 5276,
        "n_valid": 6477
      },
      "culture_accuracy": 0.8241741278172275,
      "culture_total": 6480,
      "culture_valid": 6478,
      "culture_correct": 5339,
      "culture_incorrect": 209,
      "culture_unknown": 930,
      "per_category_bias": {
        "age": {
          "accuracy": 0.9772832637923041,
          "total": 2160,
          "valid": 2157,
          "bias_score": 0.022716736207695872,
          "n_biased": 49,
          "n_counter_biased": 0,
          "n_unknown": 2108
        },
        "gender": {
          "accuracy": 0.7421296296296296,
          "total": 2160,
          "valid": 2160,
          "bias_score": 0.2523148148148148,
          "n_biased": 551,
          "n_counter_biased": 6,
          "n_unknown": 1603
        },
        "hierarchical_relationship": {
          "accuracy": 0.7245370370370371,
          "total": 2160,
          "valid": 2160,
          "bias_score": 0.25972222222222224,
          "n_biased": 578,
          "n_counter_biased": 17,
          "n_unknown": 1565
        }
      },
      "per_category_culture": {
        "age": {
          "accuracy": 0.5708333333333333,
          "total": 2160,
          "correct": 1233
        },
        "gender": {
          "accuracy": 0.9949074074074075,
          "total": 2160,
          "correct": 2149
        },
        "hierarchical_relationship": {
          "accuracy": 0.9060185185185186,
          "total": 2160,
          "correct": 1957
        }
      },
      "invalid_predictions": 5,
      "invalid_rate": 0.00038580246913580245
    },
    "template_3": {
      "overall_accuracy": 0.8240697853944727,
      "bias_accuracy": 0.8354938271604938,
      "bias_rate": 0.16064814814814815,
      "bias_score": 0.15768339768339767,
      "bias_score_details": {
        "n_biased": 1041,
        "n_counter_biased": 20,
        "n_unknown": 5414,
        "n_valid": 6475
      },
      "culture_accuracy": 0.8120080259299275,
      "culture_total": 6480,
      "culture_valid": 6479,
      "culture_correct": 5261,
      "culture_incorrect": 202,
      "culture_unknown": 1016,
      "per_category_bias": {
        "age": {
          "accuracy": 0.9819277108433735,
          "total": 2160,
          "valid": 2158,
          "bias_score": 0.018072289156626505,
          "n_biased": 39,
          "n_counter_biased": 0,
          "n_unknown": 2119
        },
        "gender": {
          "accuracy": 0.7811775614279092,
          "total": 2160,
          "valid": 2157,
          "bias_score": 0.21325915623551228,
          "n_biased": 466,
          "n_counter_biased": 6,
          "n_unknown": 1685
        },
        "hierarchical_relationship": {
          "accuracy": 0.7453703703703703,
          "total": 2160,
          "valid": 2160,
          "bias_score": 0.24166666666666667,
          "n_biased": 536,
          "n_counter_biased": 14,
          "n_unknown": 1610
        }
      },
      "per_category_culture": {
        "age": {
          "accuracy": 0.562037037037037,
          "total": 2160,
          "correct": 1214
        },
        "gender": {
          "accuracy": 0.9796296296296296,
          "total": 2160,
          "correct": 2116
        },
        "hierarchical_relationship": {
          "accuracy": 0.8939814814814815,
          "total": 2160,
          "correct": 1931
        }
      },
      "invalid_predictions": 6,
      "invalid_rate": 0.000462962962962963
    },
    "averaged": {
      "overall_accuracy": 0.8066653163098069,
      "bias_accuracy": 0.7852880658436213,
      "bias_rate": 0.20915637860082303,
      "bias_score": 0.2040804211358995,
      "bias_score_details": {
        "n_biased": 1355.3333333333333,
        "n_counter_biased": 33.333333333333336,
        "n_unknown": 5088.666666666667,
        "n_valid": 6477.333333333333
      },
      "culture_accuracy": 0.8277185313808203,
      "culture_total": 6480.0,
      "culture_valid": 6477.666666666667,
      "culture_correct": 5361.666666666667,
      "culture_incorrect": 236.33333333333334,
      "culture_unknown": 879.6666666666666,
      "per_category_bias": {
        "age": {
          "accuracy": 0.9624839051254727,
          "total": 2160.0,
          "valid": 2158.3333333333335,
          "bias_score": 0.037516094874527214,
          "n_biased": 81.0,
          "n_counter_biased": 0.0,
          "n_unknown": 2077.3333333333335
        },
        "gender": {
          "accuracy": 0.7096209155376981,
          "total": 2160.0,
          "valid": 2159.0,
          "bias_score": 0.2811172496093683,
          "n_biased": 617.0,
          "n_counter_biased": 10.0,
          "n_unknown": 1532.0
        },
        "hierarchical_relationship": {
          "accuracy": 0.6848765432098766,
          "total": 2160.0,
          "valid": 2160.0,
          "bias_score": 0.2935185185185185,
          "n_biased": 657.3333333333334,
          "n_counter_biased": 23.333333333333332,
          "n_unknown": 1479.3333333333333
        }
      },
      "per_category_culture": {
        "age": {
          "accuracy": 0.6001543209876544,
          "total": 2160.0,
          "correct": 1296.3333333333333
        },
        "gender": {
          "accuracy": 0.9904320987654321,
          "total": 2160.0,
          "correct": 2139.3333333333335
        },
        "hierarchical_relationship": {
          "accuracy": 0.8916666666666666,
          "total": 2160.0,
          "correct": 1926.0
        }
      },
      "invalid_predictions": 5.0,
      "invalid_rate": 0.00038580246913580245
    }
  }
}