{
  "model": "gpt-5.1",
  "dataset": "csv/zh_dataset.csv",
  "timestamp": "2025-12-11T17:58:37.617509",
  "metrics": {
    "overall_accuracy": 0.47374338624338624,
    "bias_accuracy": 0.857010582010582,
    "bias_rate": 0.06904761904761905,
    "bias_score": -0.004894179894179894,
    "bias_score_details": {
      "n_biased": 522,
      "n_counter_biased": 559,
      "n_unknown": 6479,
      "n_valid": 7560
    },
    "culture_accuracy": 0.09047619047619047,
    "per_category": {
      "Age": {
        "accuracy": 0.4537037037037037,
        "total": 2160,
        "correct": 980
      },
      "Gender": {
        "accuracy": 0.4486111111111111,
        "total": 2160,
        "correct": 969
      },
      "Hierarchical Relationship": {
        "accuracy": 0.5467592592592593,
        "total": 2160,
        "correct": 1181
      },
      "Guanxi": {
        "accuracy": 0.4638888888888889,
        "total": 2160,
        "correct": 1002
      },
      "Face Culture": {
        "accuracy": 0.5106481481481482,
        "total": 2160,
        "correct": 1103
      },
      "Drinking Culture": {
        "accuracy": 0.4564814814814815,
        "total": 2160,
        "correct": 986
      },
      "Collectivism": {
        "accuracy": 0.4361111111111111,
        "total": 2160,
        "correct": 942
      }
    },
    "invalid_predictions": 0,
    "invalid_rate": 0.0
  }
}