{
  "model": "gpt-5.1",
  "dataset": "csv/ja-zh_dataset.csv",
  "timestamp": "2026-03-18T11:37:07.286488",
  "evaluation_type": "all_templates",
  "results": {
    "template_1": {
      "overall_accuracy": 0.5567734917580118,
      "bias_accuracy": 0.5798192771084337,
      "bias_rate": 0.3314926372155288,
      "bias_score": 0.24301255230125524,
      "bias_score_details": {
        "n_biased": 1981,
        "n_counter_biased": 529,
        "n_unknown": 3465,
        "n_valid": 5975
      },
      "culture_accuracy": 0.5336345381526104,
      "culture_total": 5976,
      "culture_valid": 5976,
      "culture_correct": 3189,
      "culture_incorrect": 1403,
      "culture_unknown": 1384,
      "per_category_bias": {
        "hierarchical_relationship": {
          "accuracy": 0.8113026819923371,
          "total": 2088,
          "valid": 2088,
          "bias_score": 0.16762452107279693,
          "n_biased": 372,
          "n_counter_biased": 22,
          "n_unknown": 1694
        },
        "gender": {
          "accuracy": 0.5753205128205128,
          "total": 1872,
          "valid": 1872,
          "bias_score": 0.20352564102564102,
          "n_biased": 588,
          "n_counter_biased": 207,
          "n_unknown": 1077
        },
        "age": {
          "accuracy": 0.3444168734491315,
          "total": 2016,
          "valid": 2015,
          "bias_score": 0.3578163771712159,
          "n_biased": 1021,
          "n_counter_biased": 300,
          "n_unknown": 694
        }
      },
      "per_category_culture": {
        "hierarchical_relationship": {
          "accuracy": 0.5129310344827587,
          "total": 2088,
          "correct": 1071
        },
        "gender": {
          "accuracy": 0.47702991452991456,
          "total": 1872,
          "correct": 893
        },
        "age": {
          "accuracy": 0.6076388888888888,
          "total": 2016,
          "correct": 1225
        }
      },
      "invalid_predictions": 1,
      "invalid_rate": 8.366800535475234e-05
    },
    "template_2": {
      "overall_accuracy": 0.5246944583961158,
      "bias_accuracy": 0.4963186077643909,
      "bias_rate": 0.3831994645247657,
      "bias_score": 0.2635632953784327,
      "bias_score_details": {
        "n_biased": 2290,
        "n_counter_biased": 716,
        "n_unknown": 2966,
        "n_valid": 5972
      },
      "culture_accuracy": 0.5527284901238702,
      "culture_total": 5976,
      "culture_valid": 5974,
      "culture_correct": 3302,
      "culture_incorrect": 1517,
      "culture_unknown": 1155,
      "per_category_bias": {
        "hierarchical_relationship": {
          "accuracy": 0.7150383141762452,
          "total": 2088,
          "valid": 2088,
          "bias_score": 0.23419540229885058,
          "n_biased": 542,
          "n_counter_biased": 53,
          "n_unknown": 1493
        },
        "gender": {
          "accuracy": 0.5173889780631353,
          "total": 1872,
          "valid": 1869,
          "bias_score": 0.21722846441947566,
          "n_biased": 654,
          "n_counter_biased": 248,
          "n_unknown": 967
        },
        "age": {
          "accuracy": 0.2511166253101737,
          "total": 2016,
          "valid": 2015,
          "bias_score": 0.3369727047146402,
          "n_biased": 1094,
          "n_counter_biased": 415,
          "n_unknown": 506
        }
      },
      "per_category_culture": {
        "hierarchical_relationship": {
          "accuracy": 0.5531609195402298,
          "total": 2088,
          "correct": 1155
        },
        "gender": {
          "accuracy": 0.4861111111111111,
          "total": 1872,
          "correct": 910
        },
        "age": {
          "accuracy": 0.6135912698412699,
          "total": 2016,
          "correct": 1237
        }
      },
      "invalid_predictions": 6,
      "invalid_rate": 0.000502008032128514
    },
    "template_3": {
      "overall_accuracy": 0.6405020920502092,
      "bias_accuracy": 0.8258032128514057,
      "bias_rate": 0.14625167336010708,
      "bias_score": 0.11868095078674255,
      "bias_score_details": {
        "n_biased": 874,
        "n_counter_biased": 165,
        "n_unknown": 4935,
        "n_valid": 5974
      },
      "culture_accuracy": 0.45498661311914324,
      "culture_total": 5976,
      "culture_valid": 5976,
      "culture_correct": 2719,
      "culture_incorrect": 881,
      "culture_unknown": 2376,
      "per_category_bias": {
        "hierarchical_relationship": {
          "accuracy": 0.9482758620689655,
          "total": 2088,
          "valid": 2088,
          "bias_score": 0.0421455938697318,
          "n_biased": 98,
          "n_counter_biased": 10,
          "n_unknown": 1980
        },
        "gender": {
          "accuracy": 0.8370726495726496,
          "total": 1872,
          "valid": 1872,
          "bias_score": 0.07425213675213675,
          "n_biased": 222,
          "n_counter_biased": 83,
          "n_unknown": 1567
        },
        "age": {
          "accuracy": 0.689175769612711,
          "total": 2016,
          "valid": 2014,
          "bias_score": 0.23932472691161866,
          "n_biased": 554,
          "n_counter_biased": 72,
          "n_unknown": 1388
        }
      },
      "per_category_culture": {
        "hierarchical_relationship": {
          "accuracy": 0.4248084291187739,
          "total": 2088,
          "correct": 887
        },
        "gender": {
          "accuracy": 0.41773504273504275,
          "total": 1872,
          "correct": 782
        },
        "age": {
          "accuracy": 0.5208333333333334,
          "total": 2016,
          "correct": 1050
        }
      },
      "invalid_predictions": 2,
      "invalid_rate": 0.00016733601070950468
    },
    "averaged": {
      "overall_accuracy": 0.5739900140681123,
      "bias_accuracy": 0.6339803659080768,
      "bias_rate": 0.28698125836680055,
      "bias_score": 0.20841893282214352,
      "bias_score_details": {
        "n_biased": 1715.0,
        "n_counter_biased": 470.0,
        "n_unknown": 3788.6666666666665,
        "n_valid": 5973.666666666667
      },
      "culture_accuracy": 0.5137832137985413,
      "culture_total": 5976.0,
      "culture_valid": 5975.333333333333,
      "culture_correct": 3070.0,
      "culture_incorrect": 1267.0,
      "culture_unknown": 1638.3333333333333,
      "per_category_bias": {
        "hierarchical_relationship": {
          "accuracy": 0.8248722860791826,
          "total": 2088.0,
          "valid": 2088.0,
          "bias_score": 0.14798850574712644,
          "n_biased": 337.3333333333333,
          "n_counter_biased": 28.333333333333332,
          "n_unknown": 1722.3333333333333
        },
        "gender": {
          "accuracy": 0.6432607134854326,
          "total": 1872.0,
          "valid": 1871.0,
          "bias_score": 0.16500208073241782,
          "n_biased": 488.0,
          "n_counter_biased": 179.33333333333334,
          "n_unknown": 1203.6666666666667
        },
        "age": {
          "accuracy": 0.4282364227906721,
          "total": 2016.0,
          "valid": 2014.6666666666667,
          "bias_score": 0.31137126959915823,
          "n_biased": 889.6666666666666,
          "n_counter_biased": 262.3333333333333,
          "n_unknown": 862.6666666666666
        }
      },
      "per_category_culture": {
        "hierarchical_relationship": {
          "accuracy": 0.4969667943805875,
          "total": 2088.0,
          "correct": 1037.6666666666667
        },
        "gender": {
          "accuracy": 0.4602920227920228,
          "total": 1872.0,
          "correct": 861.6666666666666
        },
        "age": {
          "accuracy": 0.5806878306878307,
          "total": 2016.0,
          "correct": 1170.6666666666667
        }
      },
      "invalid_predictions": 3.0,
      "invalid_rate": 0.000251004016064257
    }
  }
}