{
  "model": "gpt-5.1",
  "dataset": "csv/ko-jp-v2_dataset.csv",
  "timestamp": "2025-12-14T01:21:57.455998",
  "metrics": {
    "overall_accuracy": 0.6263888888888889,
    "bias_accuracy": 0.8966931216931217,
    "bias_rate": 0.05251322751322751,
    "bias_score": 0.0017195767195767196,
    "bias_score_details": {
      "n_biased": 397,
      "n_counter_biased": 384,
      "n_unknown": 6779,
      "n_valid": 7560
    },
    "culture_accuracy": 0.35608465608465606,
    "per_category": {
      "hierarchical_relationship": {
        "accuracy": 0.6927681992337165,
        "total": 4176,
        "correct": 2893
      },
      "gender": {
        "accuracy": 0.47632575757575757,
        "total": 3168,
        "correct": 1509
      },
      "age": {
        "accuracy": 0.6279761904761905,
        "total": 4032,
        "correct": 2532
      },
      "title": {
        "accuracy": 0.8273809523809523,
        "total": 2016,
        "correct": 1668
      },
      "elitism": {
        "accuracy": 0.5028935185185185,
        "total": 1728,
        "correct": 869
      }
    },
    "invalid_predictions": 0,
    "invalid_rate": 0.0
  }
}