{
  "model": "gpt-5.1",
  "dataset": "csv/ja-zh_dataset.csv",
  "timestamp": "2025-12-09T20:20:08.047093",
  "metrics": {
    "overall_accuracy": 0.5286144578313253,
    "bias_accuracy": 0.5041834002677377,
    "bias_rate": 0.3795180722891566,
    "bias_score": 0.264065639651708,
    "bias_score_details": {
      "n_biased": 2268,
      "n_counter_biased": 691,
      "n_unknown": 3013,
      "n_valid": 5972
    },
    "culture_accuracy": 0.553045515394913,
    "per_category": {
      "hierarchical_relationship": {
        "accuracy": 0.639367816091954,
        "total": 4176,
        "correct": 2670
      },
      "gender": {
        "accuracy": 0.5125534188034188,
        "total": 3744,
        "correct": 1919
      },
      "age": {
        "accuracy": 0.4288194444444444,
        "total": 4032,
        "correct": 1729
      }
    },
    "invalid_predictions": 4,
    "invalid_rate": 0.00033467202141900936
  }
}