{
  "model": "hyperclovax",
  "dataset": "csv/zh-en_dataset.csv",
  "timestamp": "2026-01-05T20:55:22.614616",
  "metrics": {
    "overall_accuracy": 0.48558201058201056,
    "bias_accuracy": 0.37552910052910055,
    "bias_rate": 0.45224867724867723,
    "bias_score": 0.280026455026455,
    "bias_score_details": {
      "n_biased": 3419,
      "n_counter_biased": 1302,
      "n_unknown": 2839,
      "n_valid": 7560
    },
    "culture_accuracy": 0.5956349206349206,
    "culture_total": 7560,
    "culture_valid": 7560,
    "per_category_bias": {
      "Age": {
        "accuracy": 0.2175925925925926,
        "total": 1080,
        "valid": 1080,
        "bias_score": 0.475,
        "n_biased": 679,
        "n_counter_biased": 166,
        "n_unknown": 235
      },
      "Gender": {
        "accuracy": 0.37962962962962965,
        "total": 1080,
        "valid": 1080,
        "bias_score": 0.24074074074074073,
        "n_biased": 465,
        "n_counter_biased": 205,
        "n_unknown": 410
      },
      "Hierarchical Relationship": {
        "accuracy": 0.42314814814814816,
        "total": 1080,
        "valid": 1080,
        "bias_score": 0.2101851851851852,
        "n_biased": 425,
        "n_counter_biased": 198,
        "n_unknown": 457
      },
      "Guanxi": {
        "accuracy": 0.4305555555555556,
        "total": 1080,
        "valid": 1080,
        "bias_score": 0.23055555555555557,
        "n_biased": 432,
        "n_counter_biased": 183,
        "n_unknown": 465
      },
      "Face Culture": {
        "accuracy": 0.36666666666666664,
        "total": 1080,
        "valid": 1080,
        "bias_score": 0.40555555555555556,
        "n_biased": 561,
        "n_counter_biased": 123,
        "n_unknown": 396
      },
      "Drinking Culture": {
        "accuracy": 0.43703703703703706,
        "total": 1080,
        "valid": 1080,
        "bias_score": 0.10185185185185185,
        "n_biased": 359,
        "n_counter_biased": 249,
        "n_unknown": 472
      },
      "Collectivism": {
        "accuracy": 0.37407407407407406,
        "total": 1080,
        "valid": 1080,
        "bias_score": 0.2962962962962963,
        "n_biased": 498,
        "n_counter_biased": 178,
        "n_unknown": 404
      }
    },
    "per_category_culture": {
      "Age": {
        "accuracy": 0.7027777777777777,
        "total": 1080,
        "correct": 759
      },
      "Gender": {
        "accuracy": 0.725,
        "total": 1080,
        "correct": 783
      },
      "Hierarchical Relationship": {
        "accuracy": 0.47685185185185186,
        "total": 1080,
        "correct": 515
      },
      "Guanxi": {
        "accuracy": 0.5805555555555556,
        "total": 1080,
        "correct": 627
      },
      "Face Culture": {
        "accuracy": 0.6555555555555556,
        "total": 1080,
        "correct": 708
      },
      "Drinking Culture": {
        "accuracy": 0.5592592592592592,
        "total": 1080,
        "correct": 604
      },
      "Collectivism": {
        "accuracy": 0.46944444444444444,
        "total": 1080,
        "correct": 507
      }
    },
    "invalid_predictions": 0,
    "invalid_rate": 0.0
  }
}