{
  "model": "hyperclovax",
  "dataset": "csv/zh-ja_dataset.csv",
  "timestamp": "2025-12-23T12:36:58.381163",
  "metrics": {
    "overall_accuracy": 0.39992049294374876,
    "bias_accuracy": 0.3817460317460317,
    "bias_rate": 0.3396825396825397,
    "bias_score": 0.06350258517831102,
    "bias_score_details": {
      "n_biased": 2568,
      "n_counter_biased": 2089,
      "n_unknown": 2886,
      "n_valid": 7543
    },
    "culture_accuracy": 0.41721854304635764,
    "culture_total": 7560,
    "culture_valid": 7550,
    "per_category_bias": {
      "Age": {
        "accuracy": 0.3731481481481482,
        "total": 1080,
        "valid": 1080,
        "bias_score": 0.13055555555555556,
        "n_biased": 409,
        "n_counter_biased": 268,
        "n_unknown": 403
      },
      "Gender": {
        "accuracy": 0.2560296846011132,
        "total": 1080,
        "valid": 1078,
        "bias_score": 0.014842300556586271,
        "n_biased": 409,
        "n_counter_biased": 393,
        "n_unknown": 276
      },
      "Hierarchical Relationship": {
        "accuracy": 0.34629629629629627,
        "total": 1080,
        "valid": 1080,
        "bias_score": 0.10555555555555556,
        "n_biased": 410,
        "n_counter_biased": 296,
        "n_unknown": 374
      },
      "Guanxi": {
        "accuracy": 0.32582159624413143,
        "total": 1080,
        "valid": 1065,
        "bias_score": 0.09201877934272301,
        "n_biased": 408,
        "n_counter_biased": 310,
        "n_unknown": 347
      },
      "Face Culture": {
        "accuracy": 0.5111111111111111,
        "total": 1080,
        "valid": 1080,
        "bias_score": 0.040740740740740744,
        "n_biased": 286,
        "n_counter_biased": 242,
        "n_unknown": 552
      },
      "Drinking Culture": {
        "accuracy": 0.46944444444444444,
        "total": 1080,
        "valid": 1080,
        "bias_score": 0.030555555555555555,
        "n_biased": 303,
        "n_counter_biased": 270,
        "n_unknown": 507
      },
      "Collectivism": {
        "accuracy": 0.39537037037037037,
        "total": 1080,
        "valid": 1080,
        "bias_score": 0.030555555555555555,
        "n_biased": 343,
        "n_counter_biased": 310,
        "n_unknown": 427
      }
    },
    "per_category_culture": {
      "Age": {
        "accuracy": 0.4583333333333333,
        "total": 1080,
        "correct": 495
      },
      "Gender": {
        "accuracy": 0.5018518518518519,
        "total": 1080,
        "correct": 542
      },
      "Hierarchical Relationship": {
        "accuracy": 0.3648148148148148,
        "total": 1080,
        "correct": 394
      },
      "Guanxi": {
        "accuracy": 0.3814814814814815,
        "total": 1080,
        "correct": 412
      },
      "Face Culture": {
        "accuracy": 0.3814814814814815,
        "total": 1080,
        "correct": 412
      },
      "Drinking Culture": {
        "accuracy": 0.4722222222222222,
        "total": 1080,
        "correct": 510
      },
      "Collectivism": {
        "accuracy": 0.35648148148148145,
        "total": 1080,
        "correct": 385
      }
    },
    "invalid_predictions": 27,
    "invalid_rate": 0.0017857142857142857
  }
}