{
  "model": "hyperclovax",
  "dataset": "csv/ko-zh-v2_dataset.csv",
  "timestamp": "2026-01-17T01:42:00.299114",
  "evaluation_type": "all_templates",
  "results": {
    "template_1": {
      "overall_accuracy": 0.3270057543488326,
      "bias_accuracy": 0.31587301587301586,
      "bias_rate": 0.3439153439153439,
      "bias_score": 0.0038364863077126605,
      "bias_score_details": {
        "n_biased": 2600,
        "n_counter_biased": 2571,
        "n_unknown": 2388,
        "n_valid": 7559
      },
      "culture_accuracy": 0.3380952380952381,
      "culture_total": 7560,
      "culture_valid": 7560,
      "culture_correct": 2556,
      "culture_incorrect": 2649,
      "culture_unknown": 2355,
      "per_category_bias": {
        "hierarchical_relationship": {
          "accuracy": 0.3381226053639847,
          "total": 2088,
          "valid": 2088,
          "bias_score": 0.0028735632183908046,
          "n_biased": 694,
          "n_counter_biased": 688,
          "n_unknown": 706
        },
        "gender": {
          "accuracy": 0.307449494949495,
          "total": 1584,
          "valid": 1584,
          "bias_score": 0.0006313131313131314,
          "n_biased": 549,
          "n_counter_biased": 548,
          "n_unknown": 487
        },
        "age": {
          "accuracy": 0.27990074441687346,
          "total": 2016,
          "valid": 2015,
          "bias_score": -0.004466501240694789,
          "n_biased": 721,
          "n_counter_biased": 730,
          "n_unknown": 564
        },
        "title": {
          "accuracy": 0.32341269841269843,
          "total": 1008,
          "valid": 1008,
          "bias_score": 0.013888888888888888,
          "n_biased": 348,
          "n_counter_biased": 334,
          "n_unknown": 326
        },
        "elitism": {
          "accuracy": 0.35300925925925924,
          "total": 864,
          "valid": 864,
          "bias_score": 0.019675925925925927,
          "n_biased": 288,
          "n_counter_biased": 271,
          "n_unknown": 305
        }
      },
      "per_category_culture": {
        "hierarchical_relationship": {
          "accuracy": 0.33620689655172414,
          "total": 2088,
          "correct": 702
        },
        "gender": {
          "accuracy": 0.3440656565656566,
          "total": 1584,
          "correct": 545
        },
        "age": {
          "accuracy": 0.3353174603174603,
          "total": 2016,
          "correct": 676
        },
        "title": {
          "accuracy": 0.33035714285714285,
          "total": 1008,
          "correct": 333
        },
        "elitism": {
          "accuracy": 0.3472222222222222,
          "total": 864,
          "correct": 300
        }
      },
      "invalid_predictions": 1,
      "invalid_rate": 6.613756613756614e-05
    },
    "template_2": {
      "overall_accuracy": 0.32810005321979774,
      "bias_accuracy": 0.3175925925925926,
      "bias_rate": 0.33915343915343915,
      "bias_score": 0.0,
      "bias_score_details": {
        "n_biased": 2564,
        "n_counter_biased": 2564,
        "n_unknown": 2401,
        "n_valid": 7529
      },
      "culture_accuracy": 0.3373317339730774,
      "culture_total": 7560,
      "culture_valid": 7503,
      "culture_correct": 2531,
      "culture_incorrect": 2698,
      "culture_unknown": 2274,
      "per_category_bias": {
        "hierarchical_relationship": {
          "accuracy": 0.3105769230769231,
          "total": 2088,
          "valid": 2080,
          "bias_score": -0.010576923076923078,
          "n_biased": 706,
          "n_counter_biased": 728,
          "n_unknown": 646
        },
        "gender": {
          "accuracy": 0.33375474083438683,
          "total": 1584,
          "valid": 1582,
          "bias_score": -0.007585335018963337,
          "n_biased": 521,
          "n_counter_biased": 533,
          "n_unknown": 528
        },
        "age": {
          "accuracy": 0.3001500750375188,
          "total": 2016,
          "valid": 1999,
          "bias_score": 0.01150575287643822,
          "n_biased": 711,
          "n_counter_biased": 688,
          "n_unknown": 600
        },
        "title": {
          "accuracy": 0.3187250996015936,
          "total": 1008,
          "valid": 1004,
          "bias_score": 0.029880478087649404,
          "n_biased": 357,
          "n_counter_biased": 327,
          "n_unknown": 320
        },
        "elitism": {
          "accuracy": 0.35532407407407407,
          "total": 864,
          "valid": 864,
          "bias_score": -0.02199074074074074,
          "n_biased": 269,
          "n_counter_biased": 288,
          "n_unknown": 307
        }
      },
      "per_category_culture": {
        "hierarchical_relationship": {
          "accuracy": 0.35919540229885055,
          "total": 2088,
          "correct": 750
        },
        "gender": {
          "accuracy": 0.317550505050505,
          "total": 1584,
          "correct": 503
        },
        "age": {
          "accuracy": 0.314484126984127,
          "total": 2016,
          "correct": 634
        },
        "title": {
          "accuracy": 0.33630952380952384,
          "total": 1008,
          "correct": 339
        },
        "elitism": {
          "accuracy": 0.35300925925925924,
          "total": 864,
          "correct": 305
        }
      },
      "invalid_predictions": 88,
      "invalid_rate": 0.00582010582010582
    },
    "template_3": {
      "overall_accuracy": 0.319401205537524,
      "bias_accuracy": 0.2920634920634921,
      "bias_rate": 0.3582010582010582,
      "bias_score": 0.010202729561415132,
      "bias_score_details": {
        "n_biased": 2708,
        "n_counter_biased": 2631,
        "n_unknown": 2208,
        "n_valid": 7547
      },
      "culture_accuracy": 0.3462251655629139,
      "culture_total": 7560,
      "culture_valid": 7550,
      "culture_correct": 2614,
      "culture_incorrect": 2779,
      "culture_unknown": 2157,
      "per_category_bias": {
        "hierarchical_relationship": {
          "accuracy": 0.28639846743295017,
          "total": 2088,
          "valid": 2088,
          "bias_score": 0.012452107279693486,
          "n_biased": 758,
          "n_counter_biased": 732,
          "n_unknown": 598
        },
        "gender": {
          "accuracy": 0.30492424242424243,
          "total": 1584,
          "valid": 1584,
          "bias_score": -0.015782828282828284,
          "n_biased": 538,
          "n_counter_biased": 563,
          "n_unknown": 483
        },
        "age": {
          "accuracy": 0.2683291770573566,
          "total": 2016,
          "valid": 2005,
          "bias_score": 0.011471321695760598,
          "n_biased": 745,
          "n_counter_biased": 722,
          "n_unknown": 538
        },
        "title": {
          "accuracy": 0.2852882703777336,
          "total": 1008,
          "valid": 1006,
          "bias_score": 0.032803180914512925,
          "n_biased": 376,
          "n_counter_biased": 343,
          "n_unknown": 287
        },
        "elitism": {
          "accuracy": 0.34953703703703703,
          "total": 864,
          "valid": 864,
          "bias_score": 0.023148148148148147,
          "n_biased": 291,
          "n_counter_biased": 271,
          "n_unknown": 302
        }
      },
      "per_category_culture": {
        "hierarchical_relationship": {
          "accuracy": 0.3544061302681992,
          "total": 2088,
          "correct": 740
        },
        "gender": {
          "accuracy": 0.34595959595959597,
          "total": 1584,
          "correct": 548
        },
        "age": {
          "accuracy": 0.32589285714285715,
          "total": 2016,
          "correct": 657
        },
        "title": {
          "accuracy": 0.34424603174603174,
          "total": 1008,
          "correct": 347
        },
        "elitism": {
          "accuracy": 0.3726851851851852,
          "total": 864,
          "correct": 322
        }
      },