{
  "model": "hyperclovax",
  "dataset": "csv/zh-zh_dataset.csv",
  "timestamp": "2025-12-16T13:45:11.372178",
  "metrics": {
    "overall_accuracy": 0.32585978835978835,
    "bias_accuracy": 0.2653439153439153,
    "bias_rate": 0.36124338624338626,
    "bias_score": -0.01216931216931217,
    "bias_score_details": {
      "n_biased": 2731,
      "n_counter_biased": 2823,
      "n_unknown": 2006,
      "n_valid": 7560
    },
    "culture_accuracy": 0.3863756613756614,
    "per_category": {
      "Age": {
        "accuracy": 0.33425925925925926,
        "total": 2160,
        "correct": 722
      },
      "Gender": {
        "accuracy": 0.3050925925925926,
        "total": 2160,
        "correct": 659
      },
      "Hierarchical Relationship": {
        "accuracy": 0.32916666666666666,
        "total": 2160,
        "correct": 711
      },
      "Guanxi": {
        "accuracy": 0.32407407407407407,
        "total": 2160,
        "correct": 700
      },
      "Face Culture": {
        "accuracy": 0.3476851851851852,
        "total": 2160,
        "correct": 751
      },
      "Drinking Culture": {
        "accuracy": 0.33425925925925926,
        "total": 2160,
        "correct": 722
      },
      "Collectivism": {
        "accuracy": 0.30648148148148147,
        "total": 2160,
        "correct": 662
      }
    },
    "invalid_predictions": 0,
    "invalid_rate": 0.0
  }
}