{
  "model": "hyperclovax",
  "dataset": "csv/ja-zh_dataset.csv",
  "timestamp": "2025-12-16T12:34:51.073260",
  "metrics": {
    "overall_accuracy": 0.3070615796519411,
    "bias_accuracy": 0.32446452476572957,
    "bias_rate": 0.34471218206157966,
    "bias_score": 0.039457882998799106,
    "bias_score_details": {
      "n_biased": 2060,
      "n_counter_biased": 1830,
      "n_unknown": 1939,
      "n_valid": 5829
    },
    "culture_accuracy": 0.2896586345381526,
    "per_category": {
      "hierarchical_relationship": {
        "accuracy": 0.3091475095785441,
        "total": 4176,
        "correct": 1291
      },
      "gender": {
        "accuracy": 0.30288461538461536,
        "total": 3744,
        "correct": 1134
      },
      "age": {
        "accuracy": 0.3087797619047619,
        "total": 4032,
        "correct": 1245
      }
    },
    "invalid_predictions": 362,
    "invalid_rate": 0.030287817938420347
  }
}