{
  "model": "llama-cbbq",
  "dataset": "csv/ko-ja-v2_dataset.csv",
  "timestamp": "2026-01-19T09:59:57.086916",
  "evaluation_type": "all_templates_cot",
  "results": {
    "template_1": {
      "overall_accuracy": 0.6006120887528692,
      "bias_accuracy": 0.08452380952380953,
      "bias_rate": 0.010846560846560847,
      "bias_score": 0.08513513513513514,
      "bias_score_details": {
        "n_biased": 82,
        "n_counter_biased": 19,
        "n_unknown": 639,
        "n_valid": 740
      },
      "culture_accuracy": 0.25749559082892415,
      "culture_total": 7560,
      "culture_valid": 567,
      "culture_correct": 146,
      "culture_incorrect": 129,
      "culture_unknown": 292,
      "per_category_bias": {
        "hierarchical_relationship": {
          "accuracy": 0.9450980392156862,
          "total": 2088,
          "valid": 255,
          "bias_score": 0.054901960784313725,
          "n_biased": 14,
          "n_counter_biased": 0,
          "n_unknown": 241
        },
        "gender": {
          "accuracy": 0.7486910994764397,
          "total": 1584,
          "valid": 191,
          "bias_score": 0.06282722513089005,
          "n_biased": 30,
          "n_counter_biased": 18,
          "n_unknown": 143
        },
        "age": {
          "accuracy": 0.8734939759036144,
          "total": 2016,
          "valid": 166,
          "bias_score": 0.12650602409638553,
          "n_biased": 21,
          "n_counter_biased": 0,
          "n_unknown": 145
        },
        "title": {
          "accuracy": 0.8790322580645161,
          "total": 1008,
          "valid": 124,
          "bias_score": 0.10483870967741936,
          "n_biased": 14,
          "n_counter_biased": 1,
          "n_unknown": 109
        },
        "elitism": {
          "accuracy": 0.25,
          "total": 864,
          "valid": 4,
          "bias_score": 0.75,
          "n_biased": 3,
          "n_counter_biased": 0,
          "n_unknown": 1
        }
      },
      "per_category_culture": {
        "hierarchical_relationship": {
          "accuracy": 0.028735632183908046,
          "total": 2088,
          "correct": 60
        },
        "gender": {
          "accuracy": 0.0012626262626262627,
          "total": 1584,
          "correct": 2
        },
        "age": {
          "accuracy": 0.003472222222222222,
          "total": 2016,
          "correct": 7
        },
        "title": {
          "accuracy": 0.030753968253968252,
          "total": 1008,
          "correct": 31
        },
        "elitism": {
          "accuracy": 0.05324074074074074,
          "total": 864,
          "correct": 46
        }
      },
      "invalid_predictions": 13813,
      "invalid_rate": 0.9135582010582011
    },
    "template_2": {
      "overall_accuracy": 0.5483870967741935,
      "bias_accuracy": 0.01507936507936508,
      "bias_rate": 0.0030423280423280425,
      "bias_score": 0.05263157894736842,
      "bias_score_details": {
        "n_biased": 23,
        "n_counter_biased": 15,
        "n_unknown": 114,
        "n_valid": 152
      },
      "culture_accuracy": 0.30708661417322836,
      "culture_total": 7560,
      "culture_valid": 127,
      "culture_correct": 39,
      "culture_incorrect": 48,
      "culture_unknown": 40,
      "per_category_bias": {
        "hierarchical_relationship": {
          "accuracy": 1.0,
          "total": 2088,
          "valid": 44,
          "bias_score": 0.0,
          "n_biased": 0,
          "n_counter_biased": 0,
          "n_unknown": 44
        },
        "gender": {
          "accuracy": 0.45614035087719296,
          "total": 1584,
          "valid": 57,
          "bias_score": 0.017543859649122806,
          "n_biased": 16,
          "n_counter_biased": 15,
          "n_unknown": 26
        },
        "age": {
          "accuracy": 0.825,
          "total": 2016,
          "valid": 40,
          "bias_score": 0.175,
          "n_biased": 7,
          "n_counter_biased": 0,
          "n_unknown": 33
        },
        "title": {
          "accuracy": 1.0,
          "total": 1008,
          "valid": 11,
          "bias_score": 0.0,
          "n_biased": 0,
          "n_counter_biased": 0,
          "n_unknown": 11
        },
        "elitism": {
          "accuracy": 0.0,
          "total": 864,
          "valid": 0,
          "bias_score": 0.0,
          "n_biased": 0,
          "n_counter_biased": 0,
          "n_unknown": 0
        }
      },
      "per_category_culture": {
        "hierarchical_relationship": {
          "accuracy": 0.005268199233716475,
          "total": 2088,
          "correct": 11
        },
        "gender": {
          "accuracy": 0.0,
          "total": 1584,
          "correct": 0
        },
        "age": {
          "accuracy": 0.001984126984126984,
          "total": 2016,
          "correct": 4
        },
        "title": {
          "accuracy": 0.020833333333333332,
          "total": 1008,
          "correct": 21
        },
        "elitism": {
          "accuracy": 0.003472222222222222,
          "total": 864,
          "correct": 3
        }
      },
      "invalid_predictions": 14841,
      "invalid_rate": 0.981547619047619
    },
    "template_3": {
      "overall_accuracy": 0.43333333333333335,
      "bias_accuracy": 0.006349206349206349,
      "bias_rate": 0.004761904761904762,
      "bias_score": 0.15384615384615385,
      "bias_score_details": {
        "n_biased": 36,
        "n_counter_biased": 20,
        "n_unknown": 48,
        "n_valid": 104
      },
      "culture_accuracy": 0.4056603773584906,
      "culture_total": 7560,
      "culture_valid": 106,
      "culture_correct": 43,
      "culture_incorrect": 29,
      "culture_unknown": 34,
      "per_category_bias": {
        "hierarchical_relationship": {
          "accuracy": 0.0,
          "total": 2088,
          "valid": 0,
          "bias_score": 0.0,
          "n_biased": 0,
          "n_counter_biased": 0,
          "n_unknown": 0
        },
        "gender": {
          "accuracy": 0.5185185185185185,
          "total": 1584,
          "valid": 81,
          "bias_score": -0.012345679012345678,
          "n_biased": 19,
          "n_counter_biased": 20,
          "n_unknown": 42
        },
        "age": {
          "accuracy": 0.10526315789473684,
          "total": 2016,
          "valid": 19,
          "bias_score": 0.8947368421052632,
          "n_biased": 17,
          "n_counter_biased": 0,
          "n_unknown": 2
        },
        "title": {
          "accuracy": 1.0,
          "total": 1008,
          "valid": 4,
          "bias_score": 0.0,
          "n_biased": 0,
          "n_counter_biased": 0,
          "n_unknown": 4
        },
        "elitism": {
          "accuracy": 0.0,
          "total": 864,
          "valid": 0,
          "bias_score": 0.0,
          "n_biased": 0,
          "n_counter_biased": 0,
          "n_unknown": 0
        }
      },
      "per_category_culture": {
        "hierarchical_relationship": {
          "accuracy": 0.0014367816091954023,
          "total": 2088,
          "correct": 3
        },
        "gender": {
          "accuracy": 0.0,
          "total": 1584,
          "correct": 0
        },
        "age": {
          "accuracy": 0.00248015873015873,
          "total": 2016,
          "correct": 5
        },
        "title": {
          "accuracy": 0.021825396825396824,
          "total": 1008,
          "correct": 22
        },
        "elitism": {
          "accuracy": 0.015046296296296295,
          "total": 864,
          "correct": 13
        }
      },
      "invalid_predictions": 14910,
      "invalid_rate": 0.9861111111111112
    },
    "averaged": {
      "overall_accuracy": 0.5274441729534654,
      "bias_accuracy": 0.035317460317460324,
      "bias_rate": 0.006216931216931218,
      "bias_score": 0.09720428930955248,
      "bias_score_details": {
        "n_biased": 47.0,
        "n_counter_biased": 18.0,
        "n_unknown": 267.0,