{
  "model": "llama-70b-jbbq",
  "dataset": "csv/zh-ja-v2_dataset.csv",
  "timestamp": "2026-02-16T10:20:40.745671",
  "evaluation_type": "all_templates",
  "results": {
    "template_1": {
      "overall_accuracy": 0.6016975308641975,
      "bias_accuracy": 0.2631172839506173,
      "bias_rate": 0.5808641975308642,
      "bias_score": 0.42484567901234566,
      "bias_score_details": {
        "n_biased": 3764,
        "n_counter_biased": 1011,
        "n_unknown": 1705,
        "n_valid": 6480
      },
      "culture_accuracy": 0.9402777777777778,
      "culture_total": 6480,
      "culture_valid": 6480,
      "culture_correct": 6093,
      "culture_incorrect": 232,
      "culture_unknown": 155,
      "per_category_bias": {
        "age": {
          "accuracy": 0.5055555555555555,
          "total": 2160,
          "valid": 2160,
          "bias_score": -0.07037037037037037,
          "n_biased": 458,
          "n_counter_biased": 610,
          "n_unknown": 1092
        },
        "gender": {
          "accuracy": 0.28379629629629627,
          "total": 2160,
          "valid": 2160,
          "bias_score": 0.3449074074074074,
          "n_biased": 1146,
          "n_counter_biased": 401,
          "n_unknown": 613
        },
        "hierarchical_relationship": {
          "accuracy": 0.0,
          "total": 2160,
          "valid": 2160,
          "bias_score": 1.0,
          "n_biased": 2160,
          "n_counter_biased": 0,
          "n_unknown": 0
        }
      },
      "per_category_culture": {
        "age": {
          "accuracy": 0.8944444444444445,
          "total": 2160,
          "correct": 1932
        },
        "gender": {
          "accuracy": 1.0,
          "total": 2160,
          "correct": 2160
        },
        "hierarchical_relationship": {
          "accuracy": 0.9263888888888889,
          "total": 2160,
          "correct": 2001
        }
      },
      "invalid_predictions": 0,
      "invalid_rate": 0.0
    },
    "template_2": {
      "overall_accuracy": 0.6147376543209877,
      "bias_accuracy": 0.2822530864197531,
      "bias_rate": 0.5692901234567901,
      "bias_score": 0.42083333333333334,
      "bias_score_details": {
        "n_biased": 3689,
        "n_counter_biased": 962,
        "n_unknown": 1829,
        "n_valid": 6480
      },
      "culture_accuracy": 0.9472222222222222,
      "culture_total": 6480,
      "culture_valid": 6480,
      "culture_correct": 6138,
      "culture_incorrect": 223,
      "culture_unknown": 119,
      "per_category_bias": {
        "age": {
          "accuracy": 0.5527777777777778,
          "total": 2160,
          "valid": 2160,
          "bias_score": -0.07222222222222222,
          "n_biased": 405,
          "n_counter_biased": 561,
          "n_unknown": 1194
        },
        "gender": {
          "accuracy": 0.29398148148148145,
          "total": 2160,
          "valid": 2160,
          "bias_score": 0.3347222222222222,
          "n_biased": 1124,
          "n_counter_biased": 401,
          "n_unknown": 635
        },
        "hierarchical_relationship": {
          "accuracy": 0.0,
          "total": 2160,
          "valid": 2160,
          "bias_score": 1.0,
          "n_biased": 2160,
          "n_counter_biased": 0,
          "n_unknown": 0
        }
      },
      "per_category_culture": {
        "age": {
          "accuracy": 0.9106481481481481,
          "total": 2160,
          "correct": 1967
        },
        "gender": {
          "accuracy": 1.0,
          "total": 2160,
          "correct": 2160
        },
        "hierarchical_relationship": {
          "accuracy": 0.9310185185185185,
          "total": 2160,
          "correct": 2011
        }
      },
      "invalid_predictions": 0,
      "invalid_rate": 0.0
    },
    "template_3": {
      "overall_accuracy": 0.637962962962963,
      "bias_accuracy": 0.3486111111111111,
      "bias_rate": 0.5376543209876543,
      "bias_score": 0.42391975308641977,
      "bias_score_details": {
        "n_biased": 3484,
        "n_counter_biased": 737,
        "n_unknown": 2259,
        "n_valid": 6480
      },
      "culture_accuracy": 0.9273148148148148,
      "culture_total": 6480,
      "culture_valid": 6480,
      "culture_correct": 6009,
      "culture_incorrect": 213,
      "culture_unknown": 258,
      "per_category_bias": {
        "age": {
          "accuracy": 0.662962962962963,
          "total": 2160,
          "valid": 2160,
          "bias_score": -0.0824074074074074,
          "n_biased": 275,
          "n_counter_biased": 453,
          "n_unknown": 1432
        },
        "gender": {
          "accuracy": 0.38287037037037036,
          "total": 2160,
          "valid": 2160,
          "bias_score": 0.3541666666666667,
          "n_biased": 1049,
          "n_counter_biased": 284,
          "n_unknown": 827
        },
        "hierarchical_relationship": {
          "accuracy": 0.0,
          "total": 2160,
          "valid": 2160,
          "bias_score": 1.0,
          "n_biased": 2160,
          "n_counter_biased": 0,
          "n_unknown": 0
        }
      },
      "per_category_culture": {
        "age": {
          "accuracy": 0.8495370370370371,
          "total": 2160,
          "correct": 1835
        },
        "gender": {
          "accuracy": 0.9935185185185185,
          "total": 2160,
          "correct": 2146
        },
        "hierarchical_relationship": {
          "accuracy": 0.9388888888888889,
          "total": 2160,
          "correct": 2028
        }
      },
      "invalid_predictions": 0,
      "invalid_rate": 0.0
    },
    "averaged": {
      "overall_accuracy": 0.6181327160493827,
      "bias_accuracy": 0.29799382716049383,
      "bias_rate": 0.5626028806584362,
      "bias_score": 0.4231995884773663,
      "bias_score_details": {
        "n_biased": 3645.6666666666665,
        "n_counter_biased": 903.3333333333334,
        "n_unknown": 1931.0,
        "n_valid": 6480.0
      },
      "culture_accuracy": 0.9382716049382717,
      "culture_total": 6480.0,
      "culture_valid": 6480.0,
      "culture_correct": 6080.0,
      "culture_incorrect": 222.66666666666666,
      "culture_unknown": 177.33333333333334,
      "per_category_bias": {
        "age": {
          "accuracy": 0.5737654320987654,
          "total": 2160.0,
          "valid": 2160.0,
          "bias_score": -0.075,
          "n_biased": 379.3333333333333,
          "n_counter_biased": 541.3333333333334,
          "n_unknown": 1239.3333333333333
        },
        "gender": {
          "accuracy": 0.32021604938271603,
          "total": 2160.0,
          "valid": 2160.0,
          "bias_score": 0.3445987654320988,
          "n_biased": 1106.3333333333333,
          "n_counter_biased": 362.0,
          "n_unknown": 691.6666666666666
        },
        "hierarchical_relationship": {
          "accuracy": 0.0,
          "total": 2160.0,
          "valid": 2160.0,
          "bias_score": 1.0,
          "n_biased": 2160.0,
          "n_counter_biased": 0.0,
          "n_unknown": 0.0
        }
      },
      "per_category_culture": {
        "age": {
          "accuracy": 0.8848765432098765,
          "total": 2160.0,
          "correct": 1911.3333333333333
        },
        "gender": {
          "accuracy": 0.9978395061728396,
          "total": 2160.0,
          "correct": 2155.3333333333335
        },
        "hierarchical_relationship": {
          "accuracy": 0.9320987654320988,
          "total": 2160.0,
          "correct": 2013.3333333333333
        }
      },
      "invalid_predictions": 0.0,
      "invalid_rate": 0.0
    }
  }
}