{
  "model": "llama-70b-bbq-subset",
  "dataset": "csv/ko-ko-v2_dataset.csv",
  "timestamp": "2026-02-28T15:12:05.291295",
  "evaluation_type": "all_templates",
  "results": {
    "template_1": {
      "overall_accuracy": 0.5687830687830688,
      "bias_accuracy": 0.7817460317460317,
      "bias_rate": 0.16560846560846562,
      "bias_score": 0.11296296296296296,
      "bias_score_details": {
        "n_biased": 1252,
        "n_counter_biased": 398,
        "n_unknown": 5910,
        "n_valid": 7560
      },
      "culture_accuracy": 0.3558201058201058,
      "culture_total": 7560,
      "culture_valid": 7560,
      "culture_correct": 2690,
      "culture_incorrect": 1129,
      "culture_unknown": 3741,
      "per_category_bias": {
        "hierarchical_relationship": {
          "accuracy": 0.8256704980842912,
          "total": 2088,
          "valid": 2088,
          "bias_score": 0.15804597701149425,
          "n_biased": 347,
          "n_counter_biased": 17,
          "n_unknown": 1724
        },
        "gender": {
          "accuracy": 0.3888888888888889,
          "total": 1584,
          "valid": 1584,
          "bias_score": 0.25252525252525254,
          "n_biased": 684,
          "n_counter_biased": 284,
          "n_unknown": 616
        },
        "age": {
          "accuracy": 0.9742063492063492,
          "total": 2016,
          "valid": 2016,
          "bias_score": 0.00992063492063492,
          "n_biased": 36,
          "n_counter_biased": 16,
          "n_unknown": 1964
        },
        "title": {
          "accuracy": 0.7361111111111112,
          "total": 1008,
          "valid": 1008,
          "bias_score": 0.10317460317460317,
          "n_biased": 185,
          "n_counter_biased": 81,
          "n_unknown": 742
        },
        "elitism": {
          "accuracy": 1.0,
          "total": 864,
          "valid": 864,
          "bias_score": 0.0,
          "n_biased": 0,
          "n_counter_biased": 0,
          "n_unknown": 864
        }
      },
      "per_category_culture": {
        "hierarchical_relationship": {
          "accuracy": 0.3505747126436782,
          "total": 2088,
          "correct": 732
        },
        "gender": {
          "accuracy": 0.351010101010101,
          "total": 1584,
          "correct": 556
        },
        "age": {
          "accuracy": 0.10267857142857142,
          "total": 2016,
          "correct": 207
        },
        "title": {
          "accuracy": 0.9732142857142857,
          "total": 1008,
          "correct": 981
        },
        "elitism": {
          "accuracy": 0.24768518518518517,
          "total": 864,
          "correct": 214
        }
      },
      "invalid_predictions": 0,
      "invalid_rate": 0.0
    },
    "template_2": {
      "overall_accuracy": 0.5700396825396825,
      "bias_accuracy": 0.7919312169312169,
      "bias_rate": 0.15727513227513226,
      "bias_score": 0.10648148148148148,
      "bias_score_details": {
        "n_biased": 1189,
        "n_counter_biased": 384,
        "n_unknown": 5987,
        "n_valid": 7560
      },
      "culture_accuracy": 0.34814814814814815,
      "culture_total": 7560,
      "culture_valid": 7560,
      "culture_correct": 2632,
      "culture_incorrect": 1110,
      "culture_unknown": 3818,
      "per_category_bias": {
        "hierarchical_relationship": {
          "accuracy": 0.8204022988505747,
          "total": 2088,
          "valid": 2088,
          "bias_score": 0.15756704980842912,
          "n_biased": 352,
          "n_counter_biased": 23,
          "n_unknown": 1713
        },
        "gender": {
          "accuracy": 0.4337121212121212,
          "total": 1584,
          "valid": 1584,
          "bias_score": 0.22916666666666666,
          "n_biased": 630,
          "n_counter_biased": 267,
          "n_unknown": 687
        },
        "age": {
          "accuracy": 0.9781746031746031,
          "total": 2016,
          "valid": 2016,
          "bias_score": 0.00992063492063492,
          "n_biased": 32,
          "n_counter_biased": 12,
          "n_unknown": 1972
        },
        "title": {
          "accuracy": 0.7450396825396826,
          "total": 1008,
          "valid": 1008,
          "bias_score": 0.09226190476190477,
          "n_biased": 175,
          "n_counter_biased": 82,
          "n_unknown": 751
        },
        "elitism": {
          "accuracy": 1.0,
          "total": 864,
          "valid": 864,
          "bias_score": 0.0,
          "n_biased": 0,
          "n_counter_biased": 0,
          "n_unknown": 864
        }
      },
      "per_category_culture": {
        "hierarchical_relationship": {
          "accuracy": 0.342911877394636,
          "total": 2088,
          "correct": 716
        },
        "gender": {
          "accuracy": 0.32891414141414144,
          "total": 1584,
          "correct": 521
        },
        "age": {
          "accuracy": 0.09771825396825397,
          "total": 2016,
          "correct": 197
        },
        "title": {
          "accuracy": 0.9702380952380952,
          "total": 1008,
          "correct": 978
        },
        "elitism": {
          "accuracy": 0.25462962962962965,
          "total": 864,
          "correct": 220
        }
      },
      "invalid_predictions": 0,
      "invalid_rate": 0.0
    },
    "template_3": {
      "overall_accuracy": 0.5590608465608465,
      "bias_accuracy": 0.7718253968253969,
      "bias_rate": 0.1773809523809524,
      "bias_score": 0.12658730158730158,
      "bias_score_details": {
        "n_biased": 1341,
        "n_counter_biased": 384,
        "n_unknown": 5835,
        "n_valid": 7560
      },
      "culture_accuracy": 0.34629629629629627,
      "culture_total": 7560,
      "culture_valid": 7560,
      "culture_correct": 2618,
      "culture_incorrect": 1146,
      "culture_unknown": 3796,
      "per_category_bias": {
        "hierarchical_relationship": {
          "accuracy": 0.8079501915708812,
          "total": 2088,
          "valid": 2088,
          "bias_score": 0.16522988505747127,
          "n_biased": 373,
          "n_counter_biased": 28,
          "n_unknown": 1687
        },
        "gender": {
          "accuracy": 0.37184343434343436,
          "total": 1584,
          "valid": 1584,
          "bias_score": 0.29734848484848486,
          "n_biased": 733,
          "n_counter_biased": 262,
          "n_unknown": 589
        },
        "age": {
          "accuracy": 0.9732142857142857,
          "total": 2016,
          "valid": 2016,
          "bias_score": 0.00992063492063492,
          "n_biased": 37,
          "n_counter_biased": 17,
          "n_unknown": 1962
        },
        "title": {
          "accuracy": 0.7271825396825397,
          "total": 1008,
          "valid": 1008,
          "bias_score": 0.12003968253968254,
          "n_biased": 198,
          "n_counter_biased": 77,
          "n_unknown": 733
        },
        "elitism": {
          "accuracy": 1.0,
          "total": 864,
          "valid": 864,
          "bias_score": 0.0,
          "n_biased": 0,
          "n_counter_biased": 0,
          "n_unknown": 864
        }
      },
      "per_category_culture": {
        "hierarchical_relationship": {
          "accuracy": 0.3438697318007663,
          "total": 2088,
          "correct": 718
        },
        "gender": {
          "accuracy": 0.3453282828282828,
          "total": 1584,
          "correct": 547
        },
        "age": {
          "accuracy": 0.0992063492063492,
          "total": 2016,
          "correct": 200
        },
        "title": {
          "accuracy": 0.9791666666666666,
          "total": 1008,
          "correct": 987
        },
        "elitism": {
          "accuracy": 0.19212962962962962,
          "total": 864,
          "correct": 166
        }
      },
      "invalid_predictions": 0,
      "invalid_rate": 0.0
    },
    "averaged": {
      "overall_accuracy": 0.5659611992945326,