{
  "model": "llama-3.1-8b-inst",
  "dataset": "csv/zh-ko_dataset.csv",
  "timestamp": "2025-12-09T18:44:10.048964",
  "metrics": {
    "overall_accuracy": 0.5186507936507937,
    "bias_accuracy": 0.11164021164021164,
    "bias_rate": 0.6193121693121693,
    "bias_score": 0.3502645502645503,
    "bias_score_details": {
      "n_biased": 4682,
      "n_counter_biased": 2034,
      "n_unknown": 844,
      "n_valid": 7560
    },
    "culture_accuracy": 0.9256613756613756,
    "per_category": {
      "Age": {
        "accuracy": 0.4935185185185185,
        "total": 2160,
        "correct": 1066
      },
      "Gender": {
        "accuracy": 0.48703703703703705,
        "total": 2160,
        "correct": 1052
      },
      "Hierarchical Relationship": {
        "accuracy": 0.49166666666666664,
        "total": 2160,
        "correct": 1062
      },
      "Guanxi": {
        "accuracy": 0.5055555555555555,
        "total": 2160,
        "correct": 1092
      },
      "Face Culture": {
        "accuracy": 0.5314814814814814,
        "total": 2160,
        "correct": 1148
      },
      "Drinking Culture": {
        "accuracy": 0.6203703703703703,
        "total": 2160,
        "correct": 1340
      },
      "Collectivism": {
        "accuracy": 0.5009259259259259,
        "total": 2160,
        "correct": 1082
      }
    },
    "invalid_predictions": 0,
    "invalid_rate": 0.0
  }
}