{
  "model": "llama-70b-kobbq",
  "dataset": "csv/ja-zh_dataset.csv",
  "timestamp": "2026-02-16T07:27:53.555278",
  "evaluation_type": "all_templates",
  "results": {
    "template_1": {
      "overall_accuracy": 0.36981258366800535,
      "bias_accuracy": 0.31877510040160645,
      "bias_rate": 0.3855421686746988,
      "bias_score": 0.08985943775100401,
      "bias_score_details": {
        "n_biased": 2304,
        "n_counter_biased": 1767,
        "n_unknown": 1905,
        "n_valid": 5976
      },
      "culture_accuracy": 0.4208500669344043,
      "culture_total": 5976,
      "culture_valid": 5976,
      "culture_correct": 2515,
      "culture_incorrect": 1891,
      "culture_unknown": 1570,
      "per_category_bias": {
        "hierarchical_relationship": {
          "accuracy": 0.3113026819923372,
          "total": 2088,
          "valid": 2088,
          "bias_score": 0.13218390804597702,
          "n_biased": 857,
          "n_counter_biased": 581,
          "n_unknown": 650
        },
        "gender": {
          "accuracy": 0.2857905982905983,
          "total": 1872,
          "valid": 1872,
          "bias_score": 0.14155982905982906,
          "n_biased": 801,
          "n_counter_biased": 536,
          "n_unknown": 535
        },
        "age": {
          "accuracy": 0.35714285714285715,
          "total": 2016,
          "valid": 2016,
          "bias_score": -0.001984126984126984,
          "n_biased": 646,
          "n_counter_biased": 650,
          "n_unknown": 720
        }
      },
      "per_category_culture": {
        "hierarchical_relationship": {
          "accuracy": 0.4966475095785441,
          "total": 2088,
          "correct": 1037
        },
        "gender": {
          "accuracy": 0.3466880341880342,
          "total": 1872,
          "correct": 649
        },
        "age": {
          "accuracy": 0.41121031746031744,
          "total": 2016,
          "correct": 829
        }
      },
      "invalid_predictions": 0,
      "invalid_rate": 0.0
    },
    "template_2": {
      "overall_accuracy": 0.4052041499330656,
      "bias_accuracy": 0.40595716198125836,
      "bias_rate": 0.35023427041499333,
      "bias_score": 0.10642570281124498,
      "bias_score_details": {
        "n_biased": 2093,
        "n_counter_biased": 1457,
        "n_unknown": 2426,
        "n_valid": 5976
      },
      "culture_accuracy": 0.4044511378848728,
      "culture_total": 5976,
      "culture_valid": 5976,
      "culture_correct": 2417,
      "culture_incorrect": 1799,
      "culture_unknown": 1760,
      "per_category_bias": {
        "hierarchical_relationship": {
          "accuracy": 0.37547892720306514,
          "total": 2088,
          "valid": 2088,
          "bias_score": 0.13793103448275862,
          "n_biased": 796,
          "n_counter_biased": 508,
          "n_unknown": 784
        },
        "gender": {
          "accuracy": 0.3231837606837607,
          "total": 1872,
          "valid": 1872,
          "bias_score": 0.1597222222222222,
          "n_biased": 783,
          "n_counter_biased": 484,
          "n_unknown": 605
        },
        "age": {
          "accuracy": 0.5143849206349206,
          "total": 2016,
          "valid": 2016,
          "bias_score": 0.024305555555555556,
          "n_biased": 514,
          "n_counter_biased": 465,
          "n_unknown": 1037
        }
      },
      "per_category_culture": {
        "hierarchical_relationship": {
          "accuracy": 0.47988505747126436,
          "total": 2088,
          "correct": 1002
        },
        "gender": {
          "accuracy": 0.3402777777777778,
          "total": 1872,
          "correct": 637
        },
        "age": {
          "accuracy": 0.38591269841269843,
          "total": 2016,
          "correct": 778
        }
      },
      "invalid_predictions": 0,
      "invalid_rate": 0.0
    },
    "template_3": {
      "overall_accuracy": 0.37541834002677377,
      "bias_accuracy": 0.33417001338688085,
      "bias_rate": 0.37198795180722893,
      "bias_score": 0.07814591700133869,
      "bias_score_details": {
        "n_biased": 2223,
        "n_counter_biased": 1756,
        "n_unknown": 1997,
        "n_valid": 5976
      },
      "culture_accuracy": 0.4166666666666667,
      "culture_total": 5976,
      "culture_valid": 5976,
      "culture_correct": 2490,
      "culture_incorrect": 1879,
      "culture_unknown": 1607,
      "per_category_bias": {
        "hierarchical_relationship": {
          "accuracy": 0.32375478927203066,
          "total": 2088,
          "valid": 2088,
          "bias_score": 0.11685823754789272,
          "n_biased": 828,
          "n_counter_biased": 584,
          "n_unknown": 676
        },
        "gender": {
          "accuracy": 0.31036324786324787,
          "total": 1872,
          "valid": 1872,
          "bias_score": 0.10844017094017094,
          "n_biased": 747,
          "n_counter_biased": 544,
          "n_unknown": 581
        },
        "age": {
          "accuracy": 0.36706349206349204,
          "total": 2016,
          "valid": 2016,
          "bias_score": 0.00992063492063492,
          "n_biased": 648,
          "n_counter_biased": 628,
          "n_unknown": 740
        }
      },
      "per_category_culture": {
        "hierarchical_relationship": {
          "accuracy": 0.48515325670498083,
          "total": 2088,
          "correct": 1013
        },
        "gender": {
          "accuracy": 0.34615384615384615,
          "total": 1872,
          "correct": 648
        },
        "age": {
          "accuracy": 0.41121031746031744,
          "total": 2016,
          "correct": 829
        }
      },
      "invalid_predictions": 0,
      "invalid_rate": 0.0
    },
    "averaged": {
      "overall_accuracy": 0.3834783578759482,
      "bias_accuracy": 0.3529674252565819,
      "bias_rate": 0.36925479696564034,
      "bias_score": 0.09147701918786255,
      "bias_score_details": {
        "n_biased": 2206.6666666666665,
        "n_counter_biased": 1660.0,
        "n_unknown": 2109.3333333333335,
        "n_valid": 5976.0
      },
      "culture_accuracy": 0.41398929049531463,
      "culture_total": 5976.0,
      "culture_valid": 5976.0,
      "culture_correct": 2474.0,
      "culture_incorrect": 1856.3333333333333,
      "culture_unknown": 1645.6666666666667,
      "per_category_bias": {
        "hierarchical_relationship": {
          "accuracy": 0.33684546615581096,
          "total": 2088.0,
          "valid": 2088.0,
          "bias_score": 0.12899106002554278,
          "n_biased": 827.0,
          "n_counter_biased": 557.6666666666666,
          "n_unknown": 703.3333333333334
        },
        "gender": {
          "accuracy": 0.30644586894586895,
          "total": 1872.0,
          "valid": 1872.0,
          "bias_score": 0.13657407407407407,
          "n_biased": 777.0,
          "n_counter_biased": 521.3333333333334,
          "n_unknown": 573.6666666666666
        },
        "age": {
          "accuracy": 0.41286375661375657,
          "total": 2016.0,
          "valid": 2016.0,
          "bias_score": 0.010747354497354497,
          "n_biased": 602.6666666666666,
          "n_counter_biased": 581.0,
          "n_unknown": 832.3333333333334
        }
      },
      "per_category_culture": {
        "hierarchical_relationship": {
          "accuracy": 0.48722860791826306,
          "total": 2088.0,
          "correct": 1017.3333333333334
        },
        "gender": {
          "accuracy": 0.34437321937321935,
          "total": 1872.0,
          "correct": 644.6666666666666
        },
        "age": {
          "accuracy": 0.40277777777777773,
          "total": 2016.0,
          "correct": 812.0
        }
      },
      "invalid_predictions": 0.0,
      "invalid_rate": 0.0
    }
  }
}