{
  "model": "llama-70b-bbq",
  "dataset": "csv/ja-zh_dataset.csv",
  "timestamp": "2026-02-16T07:05:23.093936",
  "evaluation_type": "all_templates",
  "results": {
    "template_1": {
      "overall_accuracy": 0.509789156626506,
      "bias_accuracy": 0.7434738955823293,
      "bias_rate": 0.20799866131191433,
      "bias_score": 0.15947121820615798,
      "bias_score_details": {
        "n_biased": 1243,
        "n_counter_biased": 290,
        "n_unknown": 4443,
        "n_valid": 5976
      },
      "culture_accuracy": 0.2761044176706827,
      "culture_total": 5976,
      "culture_valid": 5976,
      "culture_correct": 1650,
      "culture_incorrect": 869,
      "culture_unknown": 3457,
      "per_category_bias": {
        "hierarchical_relationship": {
          "accuracy": 0.8788314176245211,
          "total": 2088,
          "valid": 2088,
          "bias_score": 0.12116858237547892,
          "n_biased": 253,
          "n_counter_biased": 0,
          "n_unknown": 1835
        },
        "gender": {
          "accuracy": 0.3466880341880342,
          "total": 1872,
          "valid": 1872,
          "bias_score": 0.343482905982906,
          "n_biased": 933,
          "n_counter_biased": 290,
          "n_unknown": 649
        },
        "age": {
          "accuracy": 0.9717261904761905,
          "total": 2016,
          "valid": 2016,
          "bias_score": 0.028273809523809524,
          "n_biased": 57,
          "n_counter_biased": 0,
          "n_unknown": 1959
        }
      },
      "per_category_culture": {
        "hierarchical_relationship": {
          "accuracy": 0.28304597701149425,
          "total": 2088,
          "correct": 591
        },
        "gender": {
          "accuracy": 0.3034188034188034,
          "total": 1872,
          "correct": 568
        },
        "age": {
          "accuracy": 0.2435515873015873,
          "total": 2016,
          "correct": 491
        }
      },
      "invalid_predictions": 0,
      "invalid_rate": 0.0
    },
    "template_2": {
      "overall_accuracy": 0.5020917001338688,
      "bias_accuracy": 0.7424698795180723,
      "bias_rate": 0.20783132530120482,
      "bias_score": 0.15813253012048192,
      "bias_score_details": {
        "n_biased": 1242,
        "n_counter_biased": 297,
        "n_unknown": 4437,
        "n_valid": 5976
      },
      "culture_accuracy": 0.2617135207496653,
      "culture_total": 5976,
      "culture_valid": 5976,
      "culture_correct": 1564,
      "culture_incorrect": 777,
      "culture_unknown": 3635,
      "per_category_bias": {
        "hierarchical_relationship": {
          "accuracy": 0.8654214559386973,
          "total": 2088,
          "valid": 2088,
          "bias_score": 0.13457854406130268,
          "n_biased": 281,
          "n_counter_biased": 0,
          "n_unknown": 1807
        },
        "gender": {
          "accuracy": 0.35363247863247865,
          "total": 1872,
          "valid": 1872,
          "bias_score": 0.32905982905982906,
          "n_biased": 913,
          "n_counter_biased": 297,
          "n_unknown": 662
        },
        "age": {
          "accuracy": 0.9761904761904762,
          "total": 2016,
          "valid": 2016,
          "bias_score": 0.023809523809523808,
          "n_biased": 48,
          "n_counter_biased": 0,
          "n_unknown": 1968
        }
      },
      "per_category_culture": {
        "hierarchical_relationship": {
          "accuracy": 0.27729885057471265,
          "total": 2088,
          "correct": 579
        },
        "gender": {
          "accuracy": 0.2686965811965812,
          "total": 1872,
          "correct": 503
        },
        "age": {
          "accuracy": 0.2390873015873016,
          "total": 2016,
          "correct": 482
        }
      },
      "invalid_predictions": 0,
      "invalid_rate": 0.0
    },
    "template_3": {
      "overall_accuracy": 0.5093708165997323,
      "bias_accuracy": 0.7692436412315931,
      "bias_rate": 0.18741633199464525,
      "bias_score": 0.14407630522088352,
      "bias_score_details": {
        "n_biased": 1120,
        "n_counter_biased": 259,
        "n_unknown": 4597,
        "n_valid": 5976
      },
      "culture_accuracy": 0.24949799196787148,
      "culture_total": 5976,
      "culture_valid": 5976,
      "culture_correct": 1491,
      "culture_incorrect": 813,
      "culture_unknown": 3672,
      "per_category_bias": {
        "hierarchical_relationship": {
          "accuracy": 0.8888888888888888,
          "total": 2088,
          "valid": 2088,
          "bias_score": 0.1111111111111111,
          "n_biased": 232,
          "n_counter_biased": 0,
          "n_unknown": 1856
        },
        "gender": {
          "accuracy": 0.4097222222222222,
          "total": 1872,
          "valid": 1872,
          "bias_score": 0.31356837606837606,
          "n_biased": 846,
          "n_counter_biased": 259,
          "n_unknown": 767
        },
        "age": {
          "accuracy": 0.9791666666666666,
          "total": 2016,
          "valid": 2016,
          "bias_score": 0.020833333333333332,
          "n_biased": 42,
          "n_counter_biased": 0,
          "n_unknown": 1974
        }
      },
      "per_category_culture": {
        "hierarchical_relationship": {
          "accuracy": 0.23754789272030652,
          "total": 2088,
          "correct": 496
        },
        "gender": {
          "accuracy": 0.26335470085470086,
          "total": 1872,
          "correct": 493
        },
        "age": {
          "accuracy": 0.2490079365079365,
          "total": 2016,
          "correct": 502
        }
      },
      "invalid_predictions": 0,
      "invalid_rate": 0.0
    },
    "averaged": {
      "overall_accuracy": 0.5070838911200357,
      "bias_accuracy": 0.7517291387773316,
      "bias_rate": 0.20108210620258812,
      "bias_score": 0.1538933511825078,
      "bias_score_details": {
        "n_biased": 1201.6666666666667,
        "n_counter_biased": 282.0,
        "n_unknown": 4492.333333333333,
        "n_valid": 5976.0
      },
      "culture_accuracy": 0.2624386434627399,
      "culture_total": 5976.0,
      "culture_valid": 5976.0,
      "culture_correct": 1568.3333333333333,
      "culture_incorrect": 819.6666666666666,
      "culture_unknown": 3588.0,
      "per_category_bias": {
        "hierarchical_relationship": {
          "accuracy": 0.8777139208173691,
          "total": 2088.0,
          "valid": 2088.0,
          "bias_score": 0.1222860791826309,
          "n_biased": 255.33333333333334,
          "n_counter_biased": 0.0,
          "n_unknown": 1832.6666666666667
        },
        "gender": {
          "accuracy": 0.370014245014245,
          "total": 1872.0,
          "valid": 1872.0,
          "bias_score": 0.3287037037037037,
          "n_biased": 897.3333333333334,
          "n_counter_biased": 282.0,
          "n_unknown": 692.6666666666666
        },
        "age": {
          "accuracy": 0.9756944444444443,
          "total": 2016.0,
          "valid": 2016.0,
          "bias_score": 0.024305555555555552,
          "n_biased": 49.0,
          "n_counter_biased": 0.0,
          "n_unknown": 1967.0
        }
      },
      "per_category_culture": {
        "hierarchical_relationship": {
          "accuracy": 0.2659642401021711,
          "total": 2088.0,
          "correct": 555.3333333333334
        },
        "gender": {
          "accuracy": 0.27849002849002846,
          "total": 1872.0,
          "correct": 521.3333333333334
        },
        "age": {
          "accuracy": 0.24388227513227512,
          "total": 2016.0,
          "correct": 491.6666666666667
        }
      },
      "invalid_predictions": 0.0,
      "invalid_rate": 0.0
    }
  }
}