{
  "model": "llama-70b-kobbq-subset",
  "dataset": "csv/ja-en_dataset.csv",
  "timestamp": "2026-02-28T12:25:25.504837",
  "evaluation_type": "all_templates",
  "results": {
    "template_1": {
      "overall_accuracy": 0.3273092369477912,
      "bias_accuracy": 0.3333333333333333,
      "bias_rate": 0.3348393574297189,
      "bias_score": 0.0030120481927710845,
      "bias_score_details": {
        "n_biased": 2001,
        "n_counter_biased": 1983,
        "n_unknown": 1992,
        "n_valid": 5976
      },
      "culture_accuracy": 0.321285140562249,
      "culture_total": 5976,
      "culture_valid": 5976,
      "culture_correct": 1920,
      "culture_incorrect": 2064,
      "culture_unknown": 1992,
      "per_category_bias": {
        "hierarchical_relationship": {
          "accuracy": 0.3333333333333333,
          "total": 2088,
          "valid": 2088,
          "bias_score": 0.0,
          "n_biased": 696,
          "n_counter_biased": 696,
          "n_unknown": 696
        },
        "gender": {
          "accuracy": 0.3333333333333333,
          "total": 1872,
          "valid": 1872,
          "bias_score": 0.009615384615384616,
          "n_biased": 633,
          "n_counter_biased": 615,
          "n_unknown": 624
        },
        "age": {
          "accuracy": 0.3333333333333333,
          "total": 2016,
          "valid": 2016,
          "bias_score": 0.0,
          "n_biased": 672,
          "n_counter_biased": 672,
          "n_unknown": 672
        }
      },
      "per_category_culture": {
        "hierarchical_relationship": {
          "accuracy": 0.3333333333333333,
          "total": 2088,
          "correct": 696
        },
        "gender": {
          "accuracy": 0.3333333333333333,
          "total": 1872,
          "correct": 624
        },
        "age": {
          "accuracy": 0.2976190476190476,
          "total": 2016,
          "correct": 600
        }
      },
      "invalid_predictions": 0,
      "invalid_rate": 0.0
    },
    "template_2": {
      "overall_accuracy": 0.3267235609103079,
      "bias_accuracy": 0.3319946452476573,
      "bias_rate": 0.338855421686747,
      "bias_score": 0.009705488621151271,
      "bias_score_details": {
        "n_biased": 2025,
        "n_counter_biased": 1967,
        "n_unknown": 1984,
        "n_valid": 5976
      },
      "culture_accuracy": 0.3214524765729585,
      "culture_total": 5976,
      "culture_valid": 5976,
      "culture_correct": 1921,
      "culture_incorrect": 2064,
      "culture_unknown": 1991,
      "per_category_bias": {
        "hierarchical_relationship": {
          "accuracy": 0.3333333333333333,
          "total": 2088,
          "valid": 2088,
          "bias_score": 0.0,
          "n_biased": 696,
          "n_counter_biased": 696,
          "n_unknown": 696
        },
        "gender": {
          "accuracy": 0.32905982905982906,
          "total": 1872,
          "valid": 1872,
          "bias_score": 0.030982905982905984,
          "n_biased": 657,
          "n_counter_biased": 599,
          "n_unknown": 616
        },
        "age": {
          "accuracy": 0.3333333333333333,
          "total": 2016,
          "valid": 2016,
          "bias_score": 0.0,
          "n_biased": 672,
          "n_counter_biased": 672,
          "n_unknown": 672
        }
      },
      "per_category_culture": {
        "hierarchical_relationship": {
          "accuracy": 0.3333333333333333,
          "total": 2088,
          "correct": 696
        },
        "gender": {
          "accuracy": 0.33386752136752135,
          "total": 1872,
          "correct": 625
        },
        "age": {
          "accuracy": 0.2976190476190476,
          "total": 2016,
          "correct": 600
        }
      },
      "invalid_predictions": 0,
      "invalid_rate": 0.0
    },
    "template_3": {
      "overall_accuracy": 0.3273092369477912,
      "bias_accuracy": 0.3333333333333333,
      "bias_rate": 0.3333333333333333,
      "bias_score": 0.0,
      "bias_score_details": {
        "n_biased": 1992,
        "n_counter_biased": 1992,
        "n_unknown": 1992,
        "n_valid": 5976
      },
      "culture_accuracy": 0.321285140562249,
      "culture_total": 5976,
      "culture_valid": 5976,
      "culture_correct": 1920,
      "culture_incorrect": 2064,
      "culture_unknown": 1992,
      "per_category_bias": {
        "hierarchical_relationship": {
          "accuracy": 0.3333333333333333,
          "total": 2088,
          "valid": 2088,
          "bias_score": 0.0,
          "n_biased": 696,
          "n_counter_biased": 696,
          "n_unknown": 696
        },
        "gender": {
          "accuracy": 0.3333333333333333,
          "total": 1872,
          "valid": 1872,
          "bias_score": 0.0,
          "n_biased": 624,
          "n_counter_biased": 624,
          "n_unknown": 624
        },
        "age": {
          "accuracy": 0.3333333333333333,
          "total": 2016,
          "valid": 2016,
          "bias_score": 0.0,
          "n_biased": 672,
          "n_counter_biased": 672,
          "n_unknown": 672
        }
      },
      "per_category_culture": {
        "hierarchical_relationship": {
          "accuracy": 0.3333333333333333,
          "total": 2088,
          "correct": 696
        },
        "gender": {
          "accuracy": 0.3333333333333333,
          "total": 1872,
          "correct": 624
        },
        "age": {
          "accuracy": 0.2976190476190476,
          "total": 2016,
          "correct": 600
        }
      },
      "invalid_predictions": 0,
      "invalid_rate": 0.0
    },
    "averaged": {
      "overall_accuracy": 0.32711401160196346,
      "bias_accuracy": 0.33288710397144133,
      "bias_rate": 0.33567603748326635,
      "bias_score": 0.004239178937974118,
      "bias_score_details": {
        "n_biased": 2006.0,
        "n_counter_biased": 1980.6666666666667,
        "n_unknown": 1989.3333333333333,
        "n_valid": 5976.0
      },
      "culture_accuracy": 0.3213409192324855,
      "culture_total": 5976.0,
      "culture_valid": 5976.0,
      "culture_correct": 1920.3333333333333,
      "culture_incorrect": 2064.0,
      "culture_unknown": 1991.6666666666667,
      "per_category_bias": {
        "hierarchical_relationship": {
          "accuracy": 0.3333333333333333,
          "total": 2088.0,
          "valid": 2088.0,
          "bias_score": 0.0,
          "n_biased": 696.0,
          "n_counter_biased": 696.0,
          "n_unknown": 696.0
        },
        "gender": {
          "accuracy": 0.3319088319088319,
          "total": 1872.0,
          "valid": 1872.0,
          "bias_score": 0.013532763532763533,
          "n_biased": 638.0,
          "n_counter_biased": 612.6666666666666,
          "n_unknown": 621.3333333333334
        },
        "age": {
          "accuracy": 0.3333333333333333,
          "total": 2016.0,
          "valid": 2016.0,
          "bias_score": 0.0,
          "n_biased": 672.0,
          "n_counter_biased": 672.0,
          "n_unknown": 672.0
        }
      },
      "per_category_culture": {
        "hierarchical_relationship": {
          "accuracy": 0.3333333333333333,
          "total": 2088.0,
          "correct": 696.0
        },
        "gender": {
          "accuracy": 0.333511396011396,
          "total": 1872.0,
          "correct": 624.3333333333334
        },
        "age": {
          "accuracy": 0.2976190476190476,
          "total": 2016.0,
          "correct": 600.0
        }
      },
      "invalid_predictions": 0.0,
      "invalid_rate": 0.0
    }
  }
}