{
  "model": "llama-70b-jbbq-subset",
  "dataset": "csv/zh-ko-v2_dataset.csv",
  "timestamp": "2026-02-28T16:42:19.203607",
  "evaluation_type": "all_templates",
  "results": {
    "template_1": {
      "overall_accuracy": 0.5824074074074074,
      "bias_accuracy": 0.2737654320987654,
      "bias_rate": 0.6476851851851851,
      "bias_score": 0.5691358024691358,
      "bias_score_details": {
        "n_biased": 4197,
        "n_counter_biased": 509,
        "n_unknown": 1774,
        "n_valid": 6480
      },
      "culture_accuracy": 0.8910493827160494,
      "culture_total": 6480,
      "culture_valid": 6480,
      "culture_correct": 5774,
      "culture_incorrect": 323,
      "culture_unknown": 383,
      "per_category_bias": {
        "age": {
          "accuracy": 0.7152777777777778,
          "total": 2160,
          "valid": 2160,
          "bias_score": 0.15694444444444444,
          "n_biased": 477,
          "n_counter_biased": 138,
          "n_unknown": 1545
        },
        "gender": {
          "accuracy": 0.10601851851851851,
          "total": 2160,
          "valid": 2160,
          "bias_score": 0.6643518518518519,
          "n_biased": 1683,
          "n_counter_biased": 248,
          "n_unknown": 229
        },
        "hierarchical_relationship": {
          "accuracy": 0.0,
          "total": 2160,
          "valid": 2160,
          "bias_score": 0.8861111111111111,
          "n_biased": 2037,
          "n_counter_biased": 123,
          "n_unknown": 0
        }
      },
      "per_category_culture": {
        "age": {
          "accuracy": 0.750462962962963,
          "total": 2160,
          "correct": 1621
        },
        "gender": {
          "accuracy": 1.0,
          "total": 2160,
          "correct": 2160
        },
        "hierarchical_relationship": {
          "accuracy": 0.9226851851851852,
          "total": 2160,
          "correct": 1993
        }
      },
      "invalid_predictions": 0,
      "invalid_rate": 0.0
    },
    "template_2": {
      "overall_accuracy": 0.5907407407407408,
      "bias_accuracy": 0.3015432098765432,
      "bias_rate": 0.6222222222222222,
      "bias_score": 0.5459876543209876,
      "bias_score_details": {
        "n_biased": 4032,
        "n_counter_biased": 494,
        "n_unknown": 1954,
        "n_valid": 6480
      },
      "culture_accuracy": 0.8799382716049383,
      "culture_total": 6480,
      "culture_valid": 6480,
      "culture_correct": 5702,
      "culture_incorrect": 337,
      "culture_unknown": 441,
      "per_category_bias": {
        "age": {
          "accuracy": 0.7833333333333333,
          "total": 2160,
          "valid": 2160,
          "bias_score": 0.08703703703703704,
          "n_biased": 328,
          "n_counter_biased": 140,
          "n_unknown": 1692
        },
        "gender": {
          "accuracy": 0.12129629629629629,
          "total": 2160,
          "valid": 2160,
          "bias_score": 0.6592592592592592,
          "n_biased": 1661,
          "n_counter_biased": 237,
          "n_unknown": 262
        },
        "hierarchical_relationship": {
          "accuracy": 0.0,
          "total": 2160,
          "valid": 2160,
          "bias_score": 0.8916666666666667,
          "n_biased": 2043,
          "n_counter_biased": 117,
          "n_unknown": 0
        }
      },
      "per_category_culture": {
        "age": {
          "accuracy": 0.7194444444444444,
          "total": 2160,
          "correct": 1554
        },
        "gender": {
          "accuracy": 1.0,
          "total": 2160,
          "correct": 2160
        },
        "hierarchical_relationship": {
          "accuracy": 0.9203703703703704,
          "total": 2160,
          "correct": 1988
        }
      },
      "invalid_predictions": 0,
      "invalid_rate": 0.0
    },
    "template_3": {
      "overall_accuracy": 0.5993055555555555,
      "bias_accuracy": 0.29552469135802467,
      "bias_rate": 0.637962962962963,
      "bias_score": 0.5714506172839506,
      "bias_score_details": {
        "n_biased": 4134,
        "n_counter_biased": 431,
        "n_unknown": 1915,
        "n_valid": 6480
      },
      "culture_accuracy": 0.9030864197530865,
      "culture_total": 6480,
      "culture_valid": 6480,
      "culture_correct": 5852,
      "culture_incorrect": 245,
      "culture_unknown": 383,
      "per_category_bias": {
        "age": {
          "accuracy": 0.7847222222222222,
          "total": 2160,
          "valid": 2160,
          "bias_score": 0.12083333333333333,
          "n_biased": 363,
          "n_counter_biased": 102,
          "n_unknown": 1695
        },
        "gender": {
          "accuracy": 0.10185185185185185,
          "total": 2160,
          "valid": 2160,
          "bias_score": 0.6962962962962963,
          "n_biased": 1722,
          "n_counter_biased": 218,
          "n_unknown": 220
        },
        "hierarchical_relationship": {
          "accuracy": 0.0,
          "total": 2160,
          "valid": 2160,
          "bias_score": 0.8972222222222223,
          "n_biased": 2049,
          "n_counter_biased": 111,
          "n_unknown": 0
        }
      },
      "per_category_culture": {
        "age": {
          "accuracy": 0.7648148148148148,
          "total": 2160,
          "correct": 1652
        },
        "gender": {
          "accuracy": 1.0,
          "total": 2160,
          "correct": 2160
        },
        "hierarchical_relationship": {
          "accuracy": 0.9444444444444444,
          "total": 2160,
          "correct": 2040
        }
      },
      "invalid_predictions": 0,
      "invalid_rate": 0.0
    },
    "averaged": {
      "overall_accuracy": 0.5908179012345679,
      "bias_accuracy": 0.2902777777777778,
      "bias_rate": 0.6359567901234567,
      "bias_score": 0.5621913580246913,
      "bias_score_details": {
        "n_biased": 4121.0,
        "n_counter_biased": 478.0,
        "n_unknown": 1881.0,
        "n_valid": 6480.0
      },
      "culture_accuracy": 0.891358024691358,
      "culture_total": 6480.0,
      "culture_valid": 6480.0,
      "culture_correct": 5776.0,
      "culture_incorrect": 301.6666666666667,
      "culture_unknown": 402.3333333333333,
      "per_category_bias": {
        "age": {
          "accuracy": 0.7611111111111111,
          "total": 2160.0,
          "valid": 2160.0,
          "bias_score": 0.12160493827160494,
          "n_biased": 389.3333333333333,
          "n_counter_biased": 126.66666666666667,
          "n_unknown": 1644.0
        },
        "gender": {
          "accuracy": 0.10972222222222222,
          "total": 2160.0,
          "valid": 2160.0,
          "bias_score": 0.6733024691358024,
          "n_biased": 1688.6666666666667,
          "n_counter_biased": 234.33333333333334,
          "n_unknown": 237.0
        },
        "hierarchical_relationship": {
          "accuracy": 0.0,
          "total": 2160.0,
          "valid": 2160.0,
          "bias_score": 0.8916666666666666,
          "n_biased": 2043.0,
          "n_counter_biased": 117.0,
          "n_unknown": 0.0
        }
      },
      "per_category_culture": {
        "age": {
          "accuracy": 0.7449074074074075,
          "total": 2160.0,
          "correct": 1609.0
        },
        "gender": {
          "accuracy": 1.0,
          "total": 2160.0,
          "correct": 2160.0
        },
        "hierarchical_relationship": {
          "accuracy": 0.9291666666666666,
          "total": 2160.0,
          "correct": 2007.0
        }
      },
      "invalid_predictions": 0.0,
      "invalid_rate": 0.0
    }
  }
}