{
  "model": "llama-3.1-8b-inst",
  "dataset": "csv/ko-jp_dataset.csv",
  "timestamp": "2025-12-01T18:45:27.060866",
  "metrics": {
    "overall_accuracy": 0.3155581039755352,
    "bias_accuracy": 0.14946483180428136,
    "bias_rate": 0.48700305810397554,
    "bias_score": 0.12404385517593065,
    "bias_score_details": {
      "n_biased": 3822,
      "n_counter_biased": 2849,
      "n_unknown": 1173,
      "n_valid": 7844
    },
    "culture_accuracy": 0.481651376146789,
    "per_category": {
      "hierarchical_relationship": {
        "accuracy": 0.3773946360153257,
        "total": 4176,
        "correct": 1576
      },
      "gender": {
        "accuracy": 0.2724358974358974,
        "total": 3744,
        "correct": 1020
      },
      "age": {
        "accuracy": 0.28000992063492064,
        "total": 4032,
        "correct": 1129
      },
      "title": {
        "accuracy": 0.3229166666666667,
        "total": 2016,
        "correct": 651
      },
      "elitism": {
        "accuracy": 0.33391203703703703,
        "total": 1728,
        "correct": 577
      }
    },
    "invalid_predictions": 4,
    "invalid_rate": 0.00025484199796126404
  }
}