{
  "model": "llama-70b-bbq",
  "dataset": "csv/ja-ja_dataset.csv",
  "timestamp": "2026-02-16T06:22:38.630163",
  "evaluation_type": "all_templates",
  "results": {
    "template_1": {
      "overall_accuracy": 0.5480254350736279,
      "bias_accuracy": 0.8050535475234271,
      "bias_rate": 0.1606425702811245,
      "bias_score": 0.12633868808567603,
      "bias_score_details": {
        "n_biased": 960,
        "n_counter_biased": 205,
        "n_unknown": 4811,
        "n_valid": 5976
      },
      "culture_accuracy": 0.29099732262382866,
      "culture_total": 5976,
      "culture_valid": 5976,
      "culture_correct": 1739,
      "culture_incorrect": 568,
      "culture_unknown": 3669,
      "per_category_bias": {
        "hierarchical_relationship": {
          "accuracy": 0.7921455938697318,
          "total": 2088,
          "valid": 2088,
          "bias_score": 0.2078544061302682,
          "n_biased": 434,
          "n_counter_biased": 0,
          "n_unknown": 1654
        },
        "gender": {
          "accuracy": 0.6095085470085471,
          "total": 1872,
          "valid": 1872,
          "bias_score": 0.17147435897435898,
          "n_biased": 526,
          "n_counter_biased": 205,
          "n_unknown": 1141
        },
        "age": {
          "accuracy": 1.0,
          "total": 2016,
          "valid": 2016,
          "bias_score": 0.0,
          "n_biased": 0,
          "n_counter_biased": 0,
          "n_unknown": 2016
        }
      },
      "per_category_culture": {
        "hierarchical_relationship": {
          "accuracy": 0.37547892720306514,
          "total": 2088,
          "correct": 784
        },
        "gender": {
          "accuracy": 0.24572649572649571,
          "total": 1872,
          "correct": 460
        },
        "age": {
          "accuracy": 0.24553571428571427,
          "total": 2016,
          "correct": 495
        }
      },
      "invalid_predictions": 0,
      "invalid_rate": 0.0
    },
    "template_2": {
      "overall_accuracy": 0.5425870147255689,
      "bias_accuracy": 0.7993641231593038,
      "bias_rate": 0.16331994645247658,
      "bias_score": 0.12600401606425704,
      "bias_score_details": {
        "n_biased": 976,
        "n_counter_biased": 223,
        "n_unknown": 4777,
        "n_valid": 5976
      },
      "culture_accuracy": 0.285809906291834,
      "culture_total": 5976,
      "culture_valid": 5976,
      "culture_correct": 1708,
      "culture_incorrect": 634,
      "culture_unknown": 3634,
      "per_category_bias": {
        "hierarchical_relationship": {
          "accuracy": 0.7844827586206896,
          "total": 2088,
          "valid": 2088,
          "bias_score": 0.21551724137931033,
          "n_biased": 450,
          "n_counter_biased": 0,
          "n_unknown": 1638
        },
        "gender": {
          "accuracy": 0.5998931623931624,
          "total": 1872,
          "valid": 1872,
          "bias_score": 0.16185897435897437,
          "n_biased": 526,
          "n_counter_biased": 223,
          "n_unknown": 1123
        },
        "age": {
          "accuracy": 1.0,
          "total": 2016,
          "valid": 2016,
          "bias_score": 0.0,
          "n_biased": 0,
          "n_counter_biased": 0,
          "n_unknown": 2016
        }
      },
      "per_category_culture": {
        "hierarchical_relationship": {
          "accuracy": 0.37452107279693486,
          "total": 2088,
          "correct": 782
        },
        "gender": {
          "accuracy": 0.22756410256410256,
          "total": 1872,
          "correct": 426
        },
        "age": {
          "accuracy": 0.24801587301587302,
          "total": 2016,
          "correct": 500
        }
      },
      "invalid_predictions": 0,
      "invalid_rate": 0.0
    },
    "template_3": {
      "overall_accuracy": 0.5606593038821954,
      "bias_accuracy": 0.8336680053547524,
      "bias_rate": 0.1395582329317269,
      "bias_score": 0.11278447121820616,
      "bias_score_details": {
        "n_biased": 834,
        "n_counter_biased": 160,
        "n_unknown": 4982,
        "n_valid": 5976
      },
      "culture_accuracy": 0.2876506024096386,
      "culture_total": 5976,
      "culture_valid": 5976,
      "culture_correct": 1719,
      "culture_incorrect": 413,
      "culture_unknown": 3844,
      "per_category_bias": {
        "hierarchical_relationship": {
          "accuracy": 0.8041187739463601,
          "total": 2088,
          "valid": 2088,
          "bias_score": 0.19588122605363983,
          "n_biased": 409,
          "n_counter_biased": 0,
          "n_unknown": 1679
        },
        "gender": {
          "accuracy": 0.6875,
          "total": 1872,
          "valid": 1872,
          "bias_score": 0.14155982905982906,
          "n_biased": 425,
          "n_counter_biased": 160,
          "n_unknown": 1287
        },
        "age": {
          "accuracy": 1.0,
          "total": 2016,
          "valid": 2016,
          "bias_score": 0.0,
          "n_biased": 0,
          "n_counter_biased": 0,
          "n_unknown": 2016
        }
      },
      "per_category_culture": {
        "hierarchical_relationship": {
          "accuracy": 0.4042145593869732,
          "total": 2088,
          "correct": 844
        },
        "gender": {
          "accuracy": 0.1987179487179487,
          "total": 1872,
          "correct": 372
        },
        "age": {
          "accuracy": 0.24950396825396826,
          "total": 2016,
          "correct": 503
        }
      },
      "invalid_predictions": 0,
      "invalid_rate": 0.0
    },
    "averaged": {
      "overall_accuracy": 0.5504239178937974,
      "bias_accuracy": 0.8126952253458278,
      "bias_rate": 0.1545069165551093,
      "bias_score": 0.12170905845604642,
      "bias_score_details": {
        "n_biased": 923.3333333333334,
        "n_counter_biased": 196.0,
        "n_unknown": 4856.666666666667,
        "n_valid": 5976.0
      },
      "culture_accuracy": 0.2881526104417671,
      "culture_total": 5976.0,
      "culture_valid": 5976.0,
      "culture_correct": 1722.0,
      "culture_incorrect": 538.3333333333334,
      "culture_unknown": 3715.6666666666665,
      "per_category_bias": {
        "hierarchical_relationship": {
          "accuracy": 0.7935823754789272,
          "total": 2088.0,
          "valid": 2088.0,
          "bias_score": 0.2064176245210728,
          "n_biased": 431.0,
          "n_counter_biased": 0.0,
          "n_unknown": 1657.0
        },
        "gender": {
          "accuracy": 0.6323005698005698,
          "total": 1872.0,
          "valid": 1872.0,
          "bias_score": 0.1582977207977208,
          "n_biased": 492.3333333333333,
          "n_counter_biased": 196.0,
          "n_unknown": 1183.6666666666667
        },
        "age": {
          "accuracy": 1.0,
          "total": 2016.0,
          "valid": 2016.0,
          "bias_score": 0.0,
          "n_biased": 0.0,
          "n_counter_biased": 0.0,
          "n_unknown": 2016.0
        }
      },
      "per_category_culture": {
        "hierarchical_relationship": {
          "accuracy": 0.38473818646232444,
          "total": 2088.0,
          "correct": 803.3333333333334
        },
        "gender": {
          "accuracy": 0.22400284900284897,
          "total": 1872.0,
          "correct": 419.3333333333333
        },
        "age": {
          "accuracy": 0.2476851851851852,
          "total": 2016.0,
          "correct": 499.3333333333333
        }
      },
      "invalid_predictions": 0.0,
      "invalid_rate": 0.0
    }
  }
}