{
  "model": "llama-70b-cbbq-subset",
  "dataset": "csv/ja-en_dataset.csv",
  "timestamp": "2026-02-28T12:48:06.913220",
  "evaluation_type": "all_templates",
  "results": {
    "template_1": {
      "overall_accuracy": 0.4878681392235609,
      "bias_accuracy": 0.6047523427041499,
      "bias_rate": 0.3273092369477912,
      "bias_score": 0.25937081659973227,
      "bias_score_details": {
        "n_biased": 1956,
        "n_counter_biased": 406,
        "n_unknown": 3614,
        "n_valid": 5976
      },
      "culture_accuracy": 0.3709839357429719,
      "culture_total": 5976,
      "culture_valid": 5976,
      "culture_correct": 2217,
      "culture_incorrect": 1546,
      "culture_unknown": 2213,
      "per_category_bias": {
        "hierarchical_relationship": {
          "accuracy": 0.7361111111111112,
          "total": 2088,
          "valid": 2088,
          "bias_score": 0.2581417624521073,
          "n_biased": 545,
          "n_counter_biased": 6,
          "n_unknown": 1537
        },
        "gender": {
          "accuracy": 0.3541666666666667,
          "total": 1872,
          "valid": 1872,
          "bias_score": 0.2825854700854701,
          "n_biased": 869,
          "n_counter_biased": 340,
          "n_unknown": 663
        },
        "age": {
          "accuracy": 0.7013888888888888,
          "total": 2016,
          "valid": 2016,
          "bias_score": 0.2390873015873016,
          "n_biased": 542,
          "n_counter_biased": 60,
          "n_unknown": 1414
        }
      },
      "per_category_culture": {
        "hierarchical_relationship": {
          "accuracy": 0.5052681992337165,
          "total": 2088,
          "correct": 1055
        },
        "gender": {
          "accuracy": 0.24145299145299146,
          "total": 1872,
          "correct": 452
        },
        "age": {
          "accuracy": 0.3521825396825397,
          "total": 2016,
          "correct": 710
        }
      },
      "invalid_predictions": 0,
      "invalid_rate": 0.0
    },
    "template_2": {
      "overall_accuracy": 0.48000334672021416,
      "bias_accuracy": 0.5786479250334672,
      "bias_rate": 0.3472222222222222,
      "bias_score": 0.27309236947791166,
      "bias_score_details": {
        "n_biased": 2075,
        "n_counter_biased": 443,
        "n_unknown": 3458,
        "n_valid": 5976
      },
      "culture_accuracy": 0.3813587684069612,
      "culture_total": 5976,
      "culture_valid": 5976,
      "culture_correct": 2279,
      "culture_incorrect": 1625,
      "culture_unknown": 2072,
      "per_category_bias": {
        "hierarchical_relationship": {
          "accuracy": 0.7188697318007663,
          "total": 2088,
          "valid": 2088,
          "bias_score": 0.2753831417624521,
          "n_biased": 581,
          "n_counter_biased": 6,
          "n_unknown": 1501
        },
        "gender": {
          "accuracy": 0.33760683760683763,
          "total": 1872,
          "valid": 1872,
          "bias_score": 0.2980769230769231,
          "n_biased": 899,
          "n_counter_biased": 341,
          "n_unknown": 632
        },
        "age": {
          "accuracy": 0.6572420634920635,
          "total": 2016,
          "valid": 2016,
          "bias_score": 0.24751984126984128,
          "n_biased": 595,
          "n_counter_biased": 96,
          "n_unknown": 1325
        }
      },
      "per_category_culture": {
        "hierarchical_relationship": {
          "accuracy": 0.5047892720306514,
          "total": 2088,
          "correct": 1054
        },
        "gender": {
          "accuracy": 0.25801282051282054,
          "total": 1872,
          "correct": 483
        },
        "age": {
          "accuracy": 0.3680555555555556,
          "total": 2016,
          "correct": 742
        }
      },
      "invalid_predictions": 0,
      "invalid_rate": 0.0
    },
    "template_3": {
      "overall_accuracy": 0.4810073627844712,
      "bias_accuracy": 0.6228246318607764,
      "bias_rate": 0.3094042838018742,
      "bias_score": 0.24163319946452477,
      "bias_score_details": {
        "n_biased": 1849,
        "n_counter_biased": 405,
        "n_unknown": 3722,
        "n_valid": 5976
      },
      "culture_accuracy": 0.339190093708166,
      "culture_total": 5976,
      "culture_valid": 5976,
      "culture_correct": 2027,
      "culture_incorrect": 1268,
      "culture_unknown": 2681,
      "per_category_bias": {
        "hierarchical_relationship": {
          "accuracy": 0.7442528735632183,
          "total": 2088,
          "valid": 2088,
          "bias_score": 0.2442528735632184,
          "n_biased": 522,
          "n_counter_biased": 12,
          "n_unknown": 1554
        },
        "gender": {
          "accuracy": 0.4129273504273504,
          "total": 1872,
          "valid": 1872,
          "bias_score": 0.24732905982905984,
          "n_biased": 781,
          "n_counter_biased": 318,
          "n_unknown": 773
        },
        "age": {
          "accuracy": 0.6919642857142857,
          "total": 2016,
          "valid": 2016,
          "bias_score": 0.23363095238095238,
          "n_biased": 546,
          "n_counter_biased": 75,
          "n_unknown": 1395
        }
      },
      "per_category_culture": {
        "hierarchical_relationship": {
          "accuracy": 0.4837164750957854,
          "total": 2088,
          "correct": 1010
        },
        "gender": {
          "accuracy": 0.18162393162393162,
          "total": 1872,
          "correct": 340
        },
        "age": {
          "accuracy": 0.33581349206349204,
          "total": 2016,
          "correct": 677
        }
      },
      "invalid_predictions": 0,
      "invalid_rate": 0.0
    },
    "averaged": {
      "overall_accuracy": 0.4829596162427488,
      "bias_accuracy": 0.6020749665327979,
      "bias_rate": 0.3279785809906292,
      "bias_score": 0.2580321285140562,
      "bias_score_details": {
        "n_biased": 1960.0,
        "n_counter_biased": 418.0,
        "n_unknown": 3598.0,
        "n_valid": 5976.0
      },
      "culture_accuracy": 0.3638442659526997,
      "culture_total": 5976.0,
      "culture_valid": 5976.0,
      "culture_correct": 2174.3333333333335,
      "culture_incorrect": 1479.6666666666667,
      "culture_unknown": 2322.0,
      "per_category_bias": {
        "hierarchical_relationship": {
          "accuracy": 0.7330779054916986,
          "total": 2088.0,
          "valid": 2088.0,
          "bias_score": 0.25925925925925924,
          "n_biased": 549.3333333333334,
          "n_counter_biased": 8.0,
          "n_unknown": 1530.6666666666667
        },
        "gender": {
          "accuracy": 0.3682336182336183,
          "total": 1872.0,
          "valid": 1872.0,
          "bias_score": 0.275997150997151,
          "n_biased": 849.6666666666666,
          "n_counter_biased": 333.0,
          "n_unknown": 689.3333333333334
        },
        "age": {
          "accuracy": 0.683531746031746,
          "total": 2016.0,
          "valid": 2016.0,
          "bias_score": 0.24007936507936511,
          "n_biased": 561.0,
          "n_counter_biased": 77.0,
          "n_unknown": 1378.0
        }
      },
      "per_category_culture": {
        "hierarchical_relationship": {
          "accuracy": 0.4979246487867177,
          "total": 2088.0,
          "correct": 1039.6666666666667
        },
        "gender": {
          "accuracy": 0.22702991452991453,
          "total": 1872.0,
          "correct": 425.0
        },
        "age": {
          "accuracy": 0.3520171957671958,
          "total": 2016.0,
          "correct": 709.6666666666666
        }
      },
      "invalid_predictions": 0.0,
      "invalid_rate": 0.0
    }
  }
}