{
  "model": "llama-70b-cbbq",
  "dataset": "csv/ja-ko_dataset.csv",
  "timestamp": "2026-02-16T06:43:34.272394",
  "evaluation_type": "all_templates",
  "results": {
    "template_1": {
      "overall_accuracy": 0.581408969210174,
      "bias_accuracy": 0.8246318607764391,
      "bias_rate": 0.13353413654618473,
      "bias_score": 0.09170013386880857,
      "bias_score_details": {
        "n_biased": 798,
        "n_counter_biased": 250,
        "n_unknown": 4928,
        "n_valid": 5976
      },
      "culture_accuracy": 0.33818607764390896,
      "culture_total": 5976,
      "culture_valid": 5976,
      "culture_correct": 2021,
      "culture_incorrect": 510,
      "culture_unknown": 3445,
      "per_category_bias": {
        "hierarchical_relationship": {
          "accuracy": 0.8405172413793104,
          "total": 2088,
          "valid": 2088,
          "bias_score": 0.13170498084291188,
          "n_biased": 304,
          "n_counter_biased": 29,
          "n_unknown": 1755
        },
        "gender": {
          "accuracy": 0.6394230769230769,
          "total": 1872,
          "valid": 1872,
          "bias_score": 0.12980769230769232,
          "n_biased": 459,
          "n_counter_biased": 216,
          "n_unknown": 1197
        },
        "age": {
          "accuracy": 0.9801587301587301,
          "total": 2016,
          "valid": 2016,
          "bias_score": 0.01488095238095238,
          "n_biased": 35,
          "n_counter_biased": 5,
          "n_unknown": 1976
        }
      },
      "per_category_culture": {
        "hierarchical_relationship": {
          "accuracy": 0.43438697318007663,
          "total": 2088,
          "correct": 907
        },
        "gender": {
          "accuracy": 0.42628205128205127,
          "total": 1872,
          "correct": 798
        },
        "age": {
          "accuracy": 0.15674603174603174,
          "total": 2016,
          "correct": 316
        }
      },
      "invalid_predictions": 0,
      "invalid_rate": 0.0
    },
    "template_2": {
      "overall_accuracy": 0.5585676037483266,
      "bias_accuracy": 0.8539156626506024,
      "bias_rate": 0.10575635876840696,
      "bias_score": 0.06542838018741633,
      "bias_score_details": {
        "n_biased": 632,
        "n_counter_biased": 241,
        "n_unknown": 5103,
        "n_valid": 5976
      },
      "culture_accuracy": 0.26321954484605087,
      "culture_total": 5976,
      "culture_valid": 5976,
      "culture_correct": 1573,
      "culture_incorrect": 357,
      "culture_unknown": 4046,
      "per_category_bias": {
        "hierarchical_relationship": {
          "accuracy": 0.8563218390804598,
          "total": 2088,
          "valid": 2088,
          "bias_score": 0.11015325670498084,
          "n_biased": 265,
          "n_counter_biased": 35,
          "n_unknown": 1788
        },
        "gender": {
          "accuracy": 0.7045940170940171,
          "total": 1872,
          "valid": 1872,
          "bias_score": 0.07532051282051282,
          "n_biased": 347,
          "n_counter_biased": 206,
          "n_unknown": 1319
        },
        "age": {
          "accuracy": 0.9900793650793651,
          "total": 2016,
          "valid": 2016,
          "bias_score": 0.00992063492063492,
          "n_biased": 20,
          "n_counter_biased": 0,
          "n_unknown": 1996
        }
      },
      "per_category_culture": {
        "hierarchical_relationship": {
          "accuracy": 0.3366858237547893,
          "total": 2088,
          "correct": 703
        },
        "gender": {
          "accuracy": 0.32051282051282054,
          "total": 1872,
          "correct": 600
        },
        "age": {
          "accuracy": 0.13392857142857142,
          "total": 2016,
          "correct": 270
        }
      },
      "invalid_predictions": 0,
      "invalid_rate": 0.0
    },
    "template_3": {
      "overall_accuracy": 0.5661813922356091,
      "bias_accuracy": 0.8562583668005355,
      "bias_rate": 0.1106091030789826,
      "bias_score": 0.07747657295850068,
      "bias_score_details": {
        "n_biased": 661,
        "n_counter_biased": 198,
        "n_unknown": 5117,
        "n_valid": 5976
      },
      "culture_accuracy": 0.2761044176706827,
      "culture_total": 5976,
      "culture_valid": 5976,
      "culture_correct": 1650,
      "culture_incorrect": 339,
      "culture_unknown": 3987,
      "per_category_bias": {
        "hierarchical_relationship": {
          "accuracy": 0.8366858237547893,
          "total": 2088,
          "valid": 2088,
          "bias_score": 0.13745210727969348,
          "n_biased": 314,
          "n_counter_biased": 27,
          "n_unknown": 1747
        },
        "gender": {
          "accuracy": 0.7467948717948718,
          "total": 1872,
          "valid": 1872,
          "bias_score": 0.07051282051282051,
          "n_biased": 303,
          "n_counter_biased": 171,
          "n_unknown": 1398
        },
        "age": {
          "accuracy": 0.9781746031746031,
          "total": 2016,
          "valid": 2016,
          "bias_score": 0.021825396825396824,
          "n_biased": 44,
          "n_counter_biased": 0,
          "n_unknown": 1972
        }
      },
      "per_category_culture": {
        "hierarchical_relationship": {
          "accuracy": 0.38984674329501917,
          "total": 2088,
          "correct": 814
        },
        "gender": {
          "accuracy": 0.2825854700854701,
          "total": 1872,
          "correct": 529
        },
        "age": {
          "accuracy": 0.15228174603174602,
          "total": 2016,
          "correct": 307
        }
      },
      "invalid_predictions": 0,
      "invalid_rate": 0.0
    },
    "averaged": {
      "overall_accuracy": 0.5687193217313699,
      "bias_accuracy": 0.8449352967425257,
      "bias_rate": 0.11663319946452476,
      "bias_score": 0.0782016956715752,
      "bias_score_details": {
        "n_biased": 697.0,
        "n_counter_biased": 229.66666666666666,
        "n_unknown": 5049.333333333333,
        "n_valid": 5976.0
      },
      "culture_accuracy": 0.29250334672021416,
      "culture_total": 5976.0,
      "culture_valid": 5976.0,
      "culture_correct": 1748.0,
      "culture_incorrect": 402.0,
      "culture_unknown": 3826.0,
      "per_category_bias": {
        "hierarchical_relationship": {
          "accuracy": 0.8445083014048532,
          "total": 2088.0,
          "valid": 2088.0,
          "bias_score": 0.1264367816091954,
          "n_biased": 294.3333333333333,
          "n_counter_biased": 30.333333333333332,
          "n_unknown": 1763.3333333333333
        },
        "gender": {
          "accuracy": 0.6969373219373219,
          "total": 1872.0,
          "valid": 1872.0,
          "bias_score": 0.09188034188034189,
          "n_biased": 369.6666666666667,
          "n_counter_biased": 197.66666666666666,
          "n_unknown": 1304.6666666666667
        },
        "age": {
          "accuracy": 0.9828042328042329,
          "total": 2016.0,
          "valid": 2016.0,
          "bias_score": 0.015542328042328043,
          "n_biased": 33.0,
          "n_counter_biased": 1.6666666666666667,
          "n_unknown": 1981.3333333333333
        }
      },
      "per_category_culture": {
        "hierarchical_relationship": {
          "accuracy": 0.38697318007662834,
          "total": 2088.0,
          "correct": 808.0
        },
        "gender": {
          "accuracy": 0.34312678062678065,
          "total": 1872.0,
          "correct": 642.3333333333334
        },
        "age": {
          "accuracy": 0.1476521164021164,
          "total": 2016.0,
          "correct": 297.6666666666667
        }
      },
      "invalid_predictions": 0.0,
      "invalid_rate": 0.0
    }
  }
}