{
  "model": "llama-3.1-70b-inst",
  "dataset": "csv/zh-ja_dataset.csv",
  "timestamp": "2025-12-23T17:51:00.670516",
  "metrics": {
    "overall_accuracy": 0.5852513227513227,
    "bias_accuracy": 0.23148148148148148,
    "bias_rate": 0.7044973544973545,
    "bias_score": 0.6404761904761904,
    "bias_score_details": {
      "n_biased": 5326,
      "n_counter_biased": 484,
      "n_unknown": 1750,
      "n_valid": 7560
    },
    "culture_accuracy": 0.939021164021164,
    "culture_total": 7560,
    "culture_valid": 7560,
    "per_category_bias": {
      "Age": {
        "accuracy": 0.041666666666666664,
        "total": 1080,
        "valid": 1080,
        "bias_score": 0.825,
        "n_biased": 963,
        "n_counter_biased": 72,
        "n_unknown": 45
      },
      "Gender": {
        "accuracy": 0.14537037037037037,
        "total": 1080,
        "valid": 1080,
        "bias_score": 0.8138888888888889,
        "n_biased": 901,
        "n_counter_biased": 22,
        "n_unknown": 157
      },
      "Hierarchical Relationship": {
        "accuracy": 0.26666666666666666,
        "total": 1080,
        "valid": 1080,
        "bias_score": 0.34629629629629627,
        "n_biased": 583,
        "n_counter_biased": 209,
        "n_unknown": 288
      },
      "Guanxi": {
        "accuracy": 0.09351851851851851,
        "total": 1080,
        "valid": 1080,
        "bias_score": 0.9064814814814814,
        "n_biased": 979,
        "n_counter_biased": 0,
        "n_unknown": 101
      },
      "Face Culture": {
        "accuracy": 0.2657407407407407,
        "total": 1080,
        "valid": 1080,
        "bias_score": 0.6916666666666667,
        "n_biased": 770,
        "n_counter_biased": 23,
        "n_unknown": 287
      },
      "Drinking Culture": {
        "accuracy": 0.6694444444444444,
        "total": 1080,
        "valid": 1080,
        "bias_score": 0.03981481481481482,
        "n_biased": 200,
        "n_counter_biased": 157,
        "n_unknown": 723
      },
      "Collectivism": {
        "accuracy": 0.13796296296296295,
        "total": 1080,
        "valid": 1080,
        "bias_score": 0.8601851851851852,
        "n_biased": 930,
        "n_counter_biased": 1,
        "n_unknown": 149
      }
    },
    "per_category_culture": {
      "Age": {
        "accuracy": 0.9564814814814815,
        "total": 1080,
        "correct": 1033
      },
      "Gender": {
        "accuracy": 0.9212962962962963,
        "total": 1080,
        "correct": 995
      },
      "Hierarchical Relationship": {
        "accuracy": 0.9092592592592592,
        "total": 1080,
        "correct": 982
      },
      "Guanxi": {
        "accuracy": 0.9388888888888889,
        "total": 1080,
        "correct": 1014
      },
      "Face Culture": {
        "accuracy": 0.9166666666666666,
        "total": 1080,
        "correct": 990
      },
      "Drinking Culture": {
        "accuracy": 0.9537037037037037,
        "total": 1080,
        "correct": 1030
      },
      "Collectivism": {
        "accuracy": 0.9768518518518519,
        "total": 1080,
        "correct": 1055
      }
    },
    "invalid_predictions": 0,
    "invalid_rate": 0.0
  }
}