{
  "model": "llama-70b-jbbq",
  "dataset": "csv/zh-zh-v2_dataset.csv",
  "timestamp": "2026-02-16T09:55:58.539486",
  "evaluation_type": "all_templates",
  "results": {
    "template_1": {
      "overall_accuracy": 0.6290895061728395,
      "bias_accuracy": 0.28410493827160493,
      "bias_rate": 0.6572530864197531,
      "bias_score": 0.5986111111111111,
      "bias_score_details": {
        "n_biased": 4259,
        "n_counter_biased": 380,
        "n_unknown": 1841,
        "n_valid": 6480
      },
      "culture_accuracy": 0.9740740740740741,
      "culture_total": 6480,
      "culture_valid": 6480,
      "culture_correct": 6312,
      "culture_incorrect": 38,
      "culture_unknown": 130,
      "per_category_bias": {
        "age": {
          "accuracy": 0.8384259259259259,
          "total": 2160,
          "valid": 2160,
          "bias_score": 0.000462962962962963,
          "n_biased": 175,
          "n_counter_biased": 174,
          "n_unknown": 1811
        },
        "gender": {
          "accuracy": 0.013888888888888888,
          "total": 2160,
          "valid": 2160,
          "bias_score": 0.7953703703703704,
          "n_biased": 1924,
          "n_counter_biased": 206,
          "n_unknown": 30
        },
        "hierarchical_relationship": {
          "accuracy": 0.0,
          "total": 2160,
          "valid": 2160,
          "bias_score": 1.0,
          "n_biased": 2160,
          "n_counter_biased": 0,
          "n_unknown": 0
        }
      },
      "per_category_culture": {
        "age": {
          "accuracy": 0.9222222222222223,
          "total": 2160,
          "correct": 1992
        },
        "gender": {
          "accuracy": 1.0,
          "total": 2160,
          "correct": 2160
        },
        "hierarchical_relationship": {
          "accuracy": 1.0,
          "total": 2160,
          "correct": 2160
        }
      },
      "invalid_predictions": 0,
      "invalid_rate": 0.0
    },
    "template_2": {
      "overall_accuracy": 0.638425925925926,
      "bias_accuracy": 0.3138888888888889,
      "bias_rate": 0.6271604938271605,
      "bias_score": 0.5682098765432099,
      "bias_score_details": {
        "n_biased": 4064,
        "n_counter_biased": 382,
        "n_unknown": 2034,
        "n_valid": 6480
      },
      "culture_accuracy": 0.9629629629629629,
      "culture_total": 6480,
      "culture_valid": 6480,
      "culture_correct": 6240,
      "culture_incorrect": 31,
      "culture_unknown": 209,
      "per_category_bias": {
        "age": {
          "accuracy": 0.8986111111111111,
          "total": 2160,
          "valid": 2160,
          "bias_score": 0.00787037037037037,
          "n_biased": 118,
          "n_counter_biased": 101,
          "n_unknown": 1941
        },
        "gender": {
          "accuracy": 0.043055555555555555,
          "total": 2160,
          "valid": 2160,
          "bias_score": 0.6967592592592593,
          "n_biased": 1786,
          "n_counter_biased": 281,
          "n_unknown": 93
        },
        "hierarchical_relationship": {
          "accuracy": 0.0,
          "total": 2160,
          "valid": 2160,
          "bias_score": 1.0,
          "n_biased": 2160,
          "n_counter_biased": 0,
          "n_unknown": 0
        }
      },
      "per_category_culture": {
        "age": {
          "accuracy": 0.8888888888888888,
          "total": 2160,
          "correct": 1920
        },
        "gender": {
          "accuracy": 1.0,
          "total": 2160,
          "correct": 2160
        },
        "hierarchical_relationship": {
          "accuracy": 1.0,
          "total": 2160,
          "correct": 2160
        }
      },
      "invalid_predictions": 0,
      "invalid_rate": 0.0
    },
    "template_3": {
      "overall_accuracy": 0.6468364197530864,
      "bias_accuracy": 0.31049382716049384,
      "bias_rate": 0.6574074074074074,
      "bias_score": 0.6253086419753087,
      "bias_score_details": {
        "n_biased": 4260,
        "n_counter_biased": 208,
        "n_unknown": 2012,
        "n_valid": 6480
      },
      "culture_accuracy": 0.9831790123456791,
      "culture_total": 6480,
      "culture_valid": 6480,
      "culture_correct": 6371,
      "culture_incorrect": 9,
      "culture_unknown": 100,
      "per_category_bias": {
        "age": {
          "accuracy": 0.8865740740740741,
          "total": 2160,
          "valid": 2160,
          "bias_score": 0.038425925925925926,
          "n_biased": 164,
          "n_counter_biased": 81,
          "n_unknown": 1915
        },
        "gender": {
          "accuracy": 0.04490740740740741,
          "total": 2160,
          "valid": 2160,
          "bias_score": 0.8375,
          "n_biased": 1936,
          "n_counter_biased": 127,
          "n_unknown": 97
        },
        "hierarchical_relationship": {
          "accuracy": 0.0,
          "total": 2160,
          "valid": 2160,
          "bias_score": 1.0,
          "n_biased": 2160,
          "n_counter_biased": 0,
          "n_unknown": 0
        }
      },
      "per_category_culture": {
        "age": {
          "accuracy": 0.9495370370370371,
          "total": 2160,
          "correct": 2051
        },
        "gender": {
          "accuracy": 1.0,
          "total": 2160,
          "correct": 2160
        },
        "hierarchical_relationship": {
          "accuracy": 1.0,
          "total": 2160,
          "correct": 2160
        }
      },
      "invalid_predictions": 0,
      "invalid_rate": 0.0
    },
    "averaged": {
      "overall_accuracy": 0.6381172839506174,
      "bias_accuracy": 0.30282921810699587,
      "bias_rate": 0.6472736625514404,
      "bias_score": 0.5973765432098765,
      "bias_score_details": {
        "n_biased": 4194.333333333333,
        "n_counter_biased": 323.3333333333333,
        "n_unknown": 1962.3333333333333,
        "n_valid": 6480.0
      },
      "culture_accuracy": 0.9734053497942387,
      "culture_total": 6480.0,
      "culture_valid": 6480.0,
      "culture_correct": 6307.666666666667,
      "culture_incorrect": 26.0,
      "culture_unknown": 146.33333333333334,
      "per_category_bias": {
        "age": {
          "accuracy": 0.874537037037037,
          "total": 2160.0,
          "valid": 2160.0,
          "bias_score": 0.015586419753086419,
          "n_biased": 152.33333333333334,
          "n_counter_biased": 118.66666666666667,
          "n_unknown": 1889.0
        },
        "gender": {
          "accuracy": 0.03395061728395062,
          "total": 2160.0,
          "valid": 2160.0,
          "bias_score": 0.7765432098765431,
          "n_biased": 1882.0,
          "n_counter_biased": 204.66666666666666,
          "n_unknown": 73.33333333333333
        },
        "hierarchical_relationship": {
          "accuracy": 0.0,
          "total": 2160.0,
          "valid": 2160.0,
          "bias_score": 1.0,
          "n_biased": 2160.0,
          "n_counter_biased": 0.0,
          "n_unknown": 0.0
        }
      },
      "per_category_culture": {
        "age": {
          "accuracy": 0.9202160493827161,
          "total": 2160.0,
          "correct": 1987.6666666666667
        },
        "gender": {
          "accuracy": 1.0,
          "total": 2160.0,
          "correct": 2160.0
        },
        "hierarchical_relationship": {
          "accuracy": 1.0,
          "total": 2160.0,
          "correct": 2160.0
        }
      },
      "invalid_predictions": 0.0,
      "invalid_rate": 0.0
    }
  }
}