{
  "model": "llama-70b-bbq-subset",
  "dataset": "csv/ja-en_dataset.csv",
  "timestamp": "2026-02-28T12:47:44.676310",
  "evaluation_type": "all_templates",
  "results": {
    "template_1": {
      "overall_accuracy": 0.4884249515952521,
      "bias_accuracy": 0.7573627844712182,
      "bias_rate": 0.19695448460508702,
      "bias_score": 0.15844418252231016,
      "bias_score_details": {
        "n_biased": 1177,
        "n_counter_biased": 236,
        "n_unknown": 4526,
        "n_valid": 5939
      },
      "culture_accuracy": 0.21481481481481482,
      "culture_total": 5976,
      "culture_valid": 5940,
      "culture_correct": 1276,
      "culture_incorrect": 911,
      "culture_unknown": 3753,
      "per_category_bias": {
        "hierarchical_relationship": {
          "accuracy": 0.8069164265129684,
          "total": 2088,
          "valid": 2082,
          "bias_score": 0.1930835734870317,
          "n_biased": 402,
          "n_counter_biased": 0,
          "n_unknown": 1680
        },
        "gender": {
          "accuracy": 0.5118406889128094,
          "total": 1872,
          "valid": 1858,
          "bias_score": 0.24273412271259417,
          "n_biased": 679,
          "n_counter_biased": 228,
          "n_unknown": 951
        },
        "age": {
          "accuracy": 0.9479739869934968,
          "total": 2016,
          "valid": 1999,
          "bias_score": 0.04402201100550275,
          "n_biased": 96,
          "n_counter_biased": 8,
          "n_unknown": 1895
        }
      },
      "per_category_culture": {
        "hierarchical_relationship": {
          "accuracy": 0.2725095785440613,
          "total": 2088,
          "correct": 569
        },
        "gender": {
          "accuracy": 0.14102564102564102,
          "total": 1872,
          "correct": 264
        },
        "age": {
          "accuracy": 0.2197420634920635,
          "total": 2016,
          "correct": 443
        }
      },
      "invalid_predictions": 73,
      "invalid_rate": 0.006107764390896921
    },
    "template_2": {
      "overall_accuracy": 0.4834822181021406,
      "bias_accuracy": 0.7399598393574297,
      "bias_rate": 0.21201472556894244,
      "bias_score": 0.17262306136210384,
      "bias_score_details": {
        "n_biased": 1267,
        "n_counter_biased": 243,
        "n_unknown": 4422,
        "n_valid": 5932
      },
      "culture_accuracy": 0.22160431412200876,
      "culture_total": 5976,
      "culture_valid": 5934,
      "culture_correct": 1315,
      "culture_incorrect": 944,
      "culture_unknown": 3675,
      "per_category_bias": {
        "hierarchical_relationship": {
          "accuracy": 0.7857829010566763,
          "total": 2088,
          "valid": 2082,
          "bias_score": 0.21421709894332372,
          "n_biased": 446,
          "n_counter_biased": 0,
          "n_unknown": 1636
        },
        "gender": {
          "accuracy": 0.49488422186322023,
          "total": 1872,
          "valid": 1857,
          "bias_score": 0.2563274098007539,
          "n_biased": 707,
          "n_counter_biased": 231,
          "n_unknown": 919
        },
        "age": {
          "accuracy": 0.9367787255393879,
          "total": 2016,
          "valid": 1993,
          "bias_score": 0.05117912694430507,
          "n_biased": 114,
          "n_counter_biased": 12,
          "n_unknown": 1867
        }
      },
      "per_category_culture": {
        "hierarchical_relationship": {
          "accuracy": 0.289272030651341,
          "total": 2088,
          "correct": 604
        },
        "gender": {
          "accuracy": 0.14102564102564102,
          "total": 1872,
          "correct": 264
        },
        "age": {
          "accuracy": 0.22172619047619047,
          "total": 2016,
          "correct": 447
        }
      },
      "invalid_predictions": 86,
      "invalid_rate": 0.007195448460508702
    },
    "template_3": {
      "overall_accuracy": 0.5004190412336574,
      "bias_accuracy": 0.7874832663989291,
      "bias_rate": 0.17670682730923695,
      "bias_score": 0.1416610850636303,
      "bias_score_details": {
        "n_biased": 1056,
        "n_counter_biased": 210,
        "n_unknown": 4706,
        "n_valid": 5972
      },
      "culture_accuracy": 0.21224832214765102,
      "culture_total": 5976,
      "culture_valid": 5960,
      "culture_correct": 1265,
      "culture_incorrect": 811,
      "culture_unknown": 3884,
      "per_category_bias": {
        "hierarchical_relationship": {
          "accuracy": 0.803639846743295,
          "total": 2088,
          "valid": 2088,
          "bias_score": 0.19636015325670497,
          "n_biased": 410,
          "n_counter_biased": 0,
          "n_unknown": 1678
        },
        "gender": {
          "accuracy": 0.55406852248394,
          "total": 1872,
          "valid": 1868,
          "bias_score": 0.22109207708779444,
          "n_biased": 623,
          "n_counter_biased": 210,
          "n_unknown": 1035
        },
        "age": {
          "accuracy": 0.9885912698412699,
          "total": 2016,
          "valid": 2016,
          "bias_score": 0.011408730158730158,
          "n_biased": 23,
          "n_counter_biased": 0,
          "n_unknown": 1993
        }
      },
      "per_category_culture": {
        "hierarchical_relationship": {
          "accuracy": 0.27490421455938696,
          "total": 2088,
          "correct": 574
        },
        "gender": {
          "accuracy": 0.12980769230769232,
          "total": 1872,
          "correct": 243
        },
        "age": {
          "accuracy": 0.2222222222222222,
          "total": 2016,
          "correct": 448
        }
      },
      "invalid_predictions": 20,
      "invalid_rate": 0.0016733601070950468
    },
    "averaged": {
      "overall_accuracy": 0.4907754036436834,
      "bias_accuracy": 0.7616019634091923,
      "bias_rate": 0.19522534582775544,
      "bias_score": 0.1575761096493481,
      "bias_score_details": {
        "n_biased": 1166.6666666666667,
        "n_counter_biased": 229.66666666666666,
        "n_unknown": 4551.333333333333,
        "n_valid": 5947.666666666667
      },
      "culture_accuracy": 0.21622248369482486,
      "culture_total": 5976.0,
      "culture_valid": 5944.666666666667,
      "culture_correct": 1285.3333333333333,
      "culture_incorrect": 888.6666666666666,
      "culture_unknown": 3770.6666666666665,
      "per_category_bias": {
        "hierarchical_relationship": {
          "accuracy": 0.7987797247709798,
          "total": 2088.0,
          "valid": 2084.0,
          "bias_score": 0.2012202752290201,
          "n_biased": 419.3333333333333,
          "n_counter_biased": 0.0,
          "n_unknown": 1664.6666666666667
        },
        "gender": {
          "accuracy": 0.5202644777533232,
          "total": 1872.0,
          "valid": 1861.0,
          "bias_score": 0.24005120320038084,
          "n_biased": 669.6666666666666,
          "n_counter_biased": 223.0,
          "n_unknown": 968.3333333333334
        },
        "age": {
          "accuracy": 0.9577813274580516,
          "total": 2016.0,
          "valid": 2002.6666666666667,
          "bias_score": 0.035536622702845994,
          "n_biased": 77.66666666666667,
          "n_counter_biased": 6.666666666666667,
          "n_unknown": 1918.3333333333333
        }
      },
      "per_category_culture": {
        "hierarchical_relationship": {
          "accuracy": 0.27889527458492974,
          "total": 2088.0,
          "correct": 582.3333333333334
        },
        "gender": {
          "accuracy": 0.13728632478632477,
          "total": 1872.0,
          "correct": 257.0
        },
        "age": {
          "accuracy": 0.22123015873015872,
          "total": 2016.0,
          "correct": 446.0
        }
      },
      "invalid_predictions": 59.666666666666664,
      "invalid_rate": 0.004992190986166889
    }
  }
}