{
  "model": "llama-cbbq",
  "dataset": "csv/ko-ja-v2_dataset.csv",
  "timestamp": "2026-01-18T13:45:20.222671",
  "evaluation_type": "all_templates",
  "results": {
    "template_1": {
      "overall_accuracy": 0.4459681843115743,
      "bias_accuracy": 0.07156084656084656,
      "bias_rate": 0.023148148148148147,
      "bias_score": 0.04700352526439483,
      "bias_score_details": {
        "n_biased": 175,
        "n_counter_biased": 135,
        "n_unknown": 541,
        "n_valid": 851
      },
      "culture_accuracy": 0.27983539094650206,
      "culture_total": 7560,
      "culture_valid": 972,
      "culture_correct": 272,
      "culture_incorrect": 336,
      "culture_unknown": 364,
      "per_category_bias": {
        "hierarchical_relationship": {
          "accuracy": 0.6593886462882096,
          "total": 2088,
          "valid": 458,
          "bias_score": 0.06550218340611354,
          "n_biased": 93,
          "n_counter_biased": 63,
          "n_unknown": 302
        },
        "gender": {
          "accuracy": 0.5043478260869565,
          "total": 1584,
          "valid": 115,
          "bias_score": 0.11304347826086956,
          "n_biased": 35,
          "n_counter_biased": 22,
          "n_unknown": 58
        },
        "age": {
          "accuracy": 0.7407407407407407,
          "total": 2016,
          "valid": 54,
          "bias_score": 0.037037037037037035,
          "n_biased": 8,
          "n_counter_biased": 6,
          "n_unknown": 40
        },
        "title": {
          "accuracy": 0.6746411483253588,
          "total": 1008,
          "valid": 209,
          "bias_score": 0.04784688995215311,
          "n_biased": 39,
          "n_counter_biased": 29,
          "n_unknown": 141
        },
        "elitism": {
          "accuracy": 0.0,
          "total": 864,
          "valid": 15,
          "bias_score": -1.0,
          "n_biased": 0,
          "n_counter_biased": 15,
          "n_unknown": 0
        }
      },
      "per_category_culture": {
        "hierarchical_relationship": {
          "accuracy": 0.08908045977011494,
          "total": 2088,
          "correct": 186
        },
        "gender": {
          "accuracy": 0.03282828282828283,
          "total": 1584,
          "correct": 52
        },
        "age": {
          "accuracy": 0.005952380952380952,
          "total": 2016,
          "correct": 12
        },
        "title": {
          "accuracy": 0.007936507936507936,
          "total": 1008,
          "correct": 8
        },
        "elitism": {
          "accuracy": 0.016203703703703703,
          "total": 864,
          "correct": 14
        }
      },
      "invalid_predictions": 13297,
      "invalid_rate": 0.879431216931217
    },
    "template_2": {
      "overall_accuracy": 0.4158595641646489,
      "bias_accuracy": 0.1082010582010582,
      "bias_rate": 0.05462962962962963,
      "bias_score": 0.10261569416498995,
      "bias_score_details": {
        "n_biased": 413,
        "n_counter_biased": 260,
        "n_unknown": 818,
        "n_valid": 1491
      },
      "culture_accuracy": 0.3066740209597352,
      "culture_total": 7560,
      "culture_valid": 1813,
      "culture_correct": 556,
      "culture_incorrect": 690,
      "culture_unknown": 567,
      "per_category_bias": {
        "hierarchical_relationship": {
          "accuracy": 0.5723577235772358,
          "total": 2088,
          "valid": 615,
          "bias_score": 0.10894308943089431,
          "n_biased": 165,
          "n_counter_biased": 98,
          "n_unknown": 352
        },
        "gender": {
          "accuracy": 0.5980707395498392,
          "total": 1584,
          "valid": 311,
          "bias_score": 0.03536977491961415,
          "n_biased": 68,
          "n_counter_biased": 57,
          "n_unknown": 186
        },
        "age": {
          "accuracy": 0.6255924170616114,
          "total": 2016,
          "valid": 211,
          "bias_score": 0.15639810426540285,
          "n_biased": 56,
          "n_counter_biased": 23,
          "n_unknown": 132
        },
        "title": {
          "accuracy": 0.5481481481481482,
          "total": 1008,
          "valid": 270,
          "bias_score": 0.08148148148148149,
          "n_biased": 72,
          "n_counter_biased": 50,
          "n_unknown": 148
        },
        "elitism": {
          "accuracy": 0.0,
          "total": 864,
          "valid": 84,
          "bias_score": 0.23809523809523808,
          "n_biased": 52,
          "n_counter_biased": 32,
          "n_unknown": 0
        }
      },
      "per_category_culture": {
        "hierarchical_relationship": {
          "accuracy": 0.13026819923371646,
          "total": 2088,
          "correct": 272
        },
        "gender": {
          "accuracy": 0.054924242424242424,
          "total": 1584,
          "correct": 87
        },
        "age": {
          "accuracy": 0.0441468253968254,
          "total": 2016,
          "correct": 89
        },
        "title": {
          "accuracy": 0.01488095238095238,
          "total": 1008,
          "correct": 15
        },
        "elitism": {
          "accuracy": 0.1076388888888889,
          "total": 864,
          "correct": 93
        }
      },
      "invalid_predictions": 11816,
      "invalid_rate": 0.7814814814814814
    },
    "template_3": {
      "overall_accuracy": 0.36403995560488345,
      "bias_accuracy": 0.029232804232804232,
      "bias_rate": 0.006349206349206349,
      "bias_score": 0.04966887417218543,
      "bias_score_details": {
        "n_biased": 48,
        "n_counter_biased": 33,
        "n_unknown": 221,
        "n_valid": 302
      },
      "culture_accuracy": 0.17863105175292154,
      "culture_total": 7560,
      "culture_valid": 599,
      "culture_correct": 107,
      "culture_incorrect": 256,
      "culture_unknown": 236,
      "per_category_bias": {
        "hierarchical_relationship": {
          "accuracy": 0.7936507936507936,
          "total": 2088,
          "valid": 126,
          "bias_score": 0.015873015873015872,
          "n_biased": 14,
          "n_counter_biased": 12,
          "n_unknown": 100
        },
        "gender": {
          "accuracy": 0.46153846153846156,
          "total": 1584,
          "valid": 65,
          "bias_score": -0.07692307692307693,
          "n_biased": 15,
          "n_counter_biased": 20,
          "n_unknown": 30
        },
        "age": {
          "accuracy": 0.5,
          "total": 2016,
          "valid": 2,
          "bias_score": -0.5,
          "n_biased": 0,
          "n_counter_biased": 1,
          "n_unknown": 1
        },
        "title": {
          "accuracy": 0.8256880733944955,
          "total": 1008,
          "valid": 109,
          "bias_score": 0.1743119266055046,
          "n_biased": 19,
          "n_counter_biased": 0,
          "n_unknown": 90
        },
        "elitism": {
          "accuracy": 0.0,
          "total": 864,
          "valid": 0,
          "bias_score": 0.0,
          "n_biased": 0,
          "n_counter_biased": 0,
          "n_unknown": 0
        }
      },
      "per_category_culture": {
        "hierarchical_relationship": {
          "accuracy": 0.035440613026819924,
          "total": 2088,
          "correct": 74
        },
        "gender": {
          "accuracy": 0.007575757575757576,
          "total": 1584,
          "correct": 12
        },
        "age": {
          "accuracy": 0.0,
          "total": 2016,
          "correct": 0
        },
        "title": {
          "accuracy": 0.020833333333333332,
          "total": 1008,
          "correct": 21
        },
        "elitism": {
          "accuracy": 0.0,
          "total": 864,
          "correct": 0
        }
      },
      "invalid_predictions": 14219,
      "invalid_rate": 0.9404100529100529
    },
    "averaged": {
      "overall_accuracy": 0.4086225680270356,
      "bias_accuracy": 0.06966490299823633,
      "bias_rate": 0.028042328042328046,