{
  "model": "llama-70b-bbq",
  "dataset": "csv/ja-ko_dataset.csv",
  "timestamp": "2026-02-16T06:45:06.548010",
  "evaluation_type": "all_templates",
  "results": {
    "template_1": {
      "overall_accuracy": 0.517904953145917,
      "bias_accuracy": 0.6671686746987951,
      "bias_rate": 0.2463186077643909,
      "bias_score": 0.15980589022757696,
      "bias_score_details": {
        "n_biased": 1472,
        "n_counter_biased": 517,
        "n_unknown": 3987,
        "n_valid": 5976
      },
      "culture_accuracy": 0.3686412315930388,
      "culture_total": 5976,
      "culture_valid": 5976,
      "culture_correct": 2203,
      "culture_incorrect": 845,
      "culture_unknown": 2928,
      "per_category_bias": {
        "hierarchical_relationship": {
          "accuracy": 0.810823754789272,
          "total": 2088,
          "valid": 2088,
          "bias_score": 0.18917624521072796,
          "n_biased": 395,
          "n_counter_biased": 0,
          "n_unknown": 1693
        },
        "gender": {
          "accuracy": 0.31036324786324787,
          "total": 1872,
          "valid": 1872,
          "bias_score": 0.18215811965811965,
          "n_biased": 816,
          "n_counter_biased": 475,
          "n_unknown": 581
        },
        "age": {
          "accuracy": 0.8497023809523809,
          "total": 2016,
          "valid": 2016,
          "bias_score": 0.10863095238095238,
          "n_biased": 261,
          "n_counter_biased": 42,
          "n_unknown": 1713
        }
      },
      "per_category_culture": {
        "hierarchical_relationship": {
          "accuracy": 0.2777777777777778,
          "total": 2088,
          "correct": 580
        },
        "gender": {
          "accuracy": 0.5758547008547008,
          "total": 1872,
          "correct": 1078
        },
        "age": {
          "accuracy": 0.27033730158730157,
          "total": 2016,
          "correct": 545
        }
      },
      "invalid_predictions": 0,
      "invalid_rate": 0.0
    },
    "template_2": {
      "overall_accuracy": 0.5154785809906292,
      "bias_accuracy": 0.7006358768406962,
      "bias_rate": 0.21971218206157966,
      "bias_score": 0.14006024096385541,
      "bias_score_details": {
        "n_biased": 1313,
        "n_counter_biased": 476,
        "n_unknown": 4187,
        "n_valid": 5976
      },
      "culture_accuracy": 0.33032128514056225,
      "culture_total": 5976,
      "culture_valid": 5976,
      "culture_correct": 1974,
      "culture_incorrect": 638,
      "culture_unknown": 3364,
      "per_category_bias": {
        "hierarchical_relationship": {
          "accuracy": 0.8113026819923371,
          "total": 2088,
          "valid": 2088,
          "bias_score": 0.18869731800766285,
          "n_biased": 394,
          "n_counter_biased": 0,
          "n_unknown": 1694
        },
        "gender": {
          "accuracy": 0.405982905982906,
          "total": 1872,
          "valid": 1872,
          "bias_score": 0.13782051282051283,
          "n_biased": 685,
          "n_counter_biased": 427,
          "n_unknown": 760
        },
        "age": {
          "accuracy": 0.8596230158730159,
          "total": 2016,
          "valid": 2016,
          "bias_score": 0.09176587301587301,
          "n_biased": 234,
          "n_counter_biased": 49,
          "n_unknown": 1733
        }
      },
      "per_category_culture": {
        "hierarchical_relationship": {
          "accuracy": 0.24329501915708812,
          "total": 2088,
          "correct": 508
        },
        "gender": {
          "accuracy": 0.5080128205128205,
          "total": 1872,
          "correct": 951
        },
        "age": {
          "accuracy": 0.2554563492063492,
          "total": 2016,
          "correct": 515
        }
      },
      "invalid_predictions": 0,
      "invalid_rate": 0.0
    },
    "template_3": {
      "overall_accuracy": 0.5114625167336011,
      "bias_accuracy": 0.6890896921017403,
      "bias_rate": 0.23075635876840697,
      "bias_score": 0.15060240963855423,
      "bias_score_details": {
        "n_biased": 1379,
        "n_counter_biased": 479,
        "n_unknown": 4118,
        "n_valid": 5976
      },
      "culture_accuracy": 0.33383534136546184,
      "culture_total": 5976,
      "culture_valid": 5976,
      "culture_correct": 1995,
      "culture_incorrect": 610,
      "culture_unknown": 3371,
      "per_category_bias": {
        "hierarchical_relationship": {
          "accuracy": 0.8170498084291188,
          "total": 2088,
          "valid": 2088,
          "bias_score": 0.18295019157088122,
          "n_biased": 382,
          "n_counter_biased": 0,
          "n_unknown": 1706
        },
        "gender": {
          "accuracy": 0.3466880341880342,
          "total": 1872,
          "valid": 1872,
          "bias_score": 0.1607905982905983,
          "n_biased": 762,
          "n_counter_biased": 461,
          "n_unknown": 649
        },
        "age": {
          "accuracy": 0.8745039682539683,
          "total": 2016,
          "valid": 2016,
          "bias_score": 0.1076388888888889,
          "n_biased": 235,
          "n_counter_biased": 18,
          "n_unknown": 1763
        }
      },
      "per_category_culture": {
        "hierarchical_relationship": {
          "accuracy": 0.25862068965517243,
          "total": 2088,
          "correct": 540
        },
        "gender": {
          "accuracy": 0.5085470085470085,
          "total": 1872,
          "correct": 952
        },
        "age": {
          "accuracy": 0.24950396825396826,
          "total": 2016,
          "correct": 503
        }
      },
      "invalid_predictions": 0,
      "invalid_rate": 0.0
    },
    "averaged": {
      "overall_accuracy": 0.5149486836233824,
      "bias_accuracy": 0.6856314145470773,
      "bias_rate": 0.2322623828647925,
      "bias_score": 0.1501561802766622,
      "bias_score_details": {
        "n_biased": 1388.0,
        "n_counter_biased": 490.6666666666667,
        "n_unknown": 4097.333333333333,
        "n_valid": 5976.0
      },
      "culture_accuracy": 0.3442659526996876,
      "culture_total": 5976.0,
      "culture_valid": 5976.0,
      "culture_correct": 2057.3333333333335,
      "culture_incorrect": 697.6666666666666,
      "culture_unknown": 3221.0,
      "per_category_bias": {
        "hierarchical_relationship": {
          "accuracy": 0.813058748403576,
          "total": 2088.0,
          "valid": 2088.0,
          "bias_score": 0.18694125159642402,
          "n_biased": 390.3333333333333,
          "n_counter_biased": 0.0,
          "n_unknown": 1697.6666666666667
        },
        "gender": {
          "accuracy": 0.3543447293447293,
          "total": 1872.0,
          "valid": 1872.0,
          "bias_score": 0.16025641025641024,
          "n_biased": 754.3333333333334,
          "n_counter_biased": 454.3333333333333,
          "n_unknown": 663.3333333333334
        },
        "age": {
          "accuracy": 0.861276455026455,
          "total": 2016.0,
          "valid": 2016.0,
          "bias_score": 0.10267857142857144,
          "n_biased": 243.33333333333334,
          "n_counter_biased": 36.333333333333336,
          "n_unknown": 1736.3333333333333
        }
      },
      "per_category_culture": {
        "hierarchical_relationship": {
          "accuracy": 0.25989782886334606,
          "total": 2088.0,
          "correct": 542.6666666666666
        },
        "gender": {
          "accuracy": 0.5308048433048432,
          "total": 1872.0,
          "correct": 993.6666666666666
        },
        "age": {
          "accuracy": 0.25843253968253965,
          "total": 2016.0,
          "correct": 521.0
        }
      },
      "invalid_predictions": 0.0,
      "invalid_rate": 0.0
    }
  }
}