{
  "model": "llama-3.1-8b-inst",
  "dataset": "csv/ja_dataset.csv",
  "timestamp": "2025-11-10T20:29:35.947990",
  "metrics": {
    "overall_accuracy": 0.3041331994645248,
    "bias_accuracy": 0.2004685408299866,
    "bias_rate": 0.47925033467202144,
    "bias_score": 0.15896921017402946,
    "bias_score_details": {
      "n_biased": 2864,
      "n_counter_biased": 1914,
      "n_unknown": 1198,
      "n_valid": 5976
    },
    "culture_accuracy": 0.40779785809906294,
    "per_category": {
      "hierarchical_relationship": {
        "accuracy": 0.391044061302682,
        "total": 4176,
        "correct": 1633
      },
      "gender": {
        "accuracy": 0.2267628205128205,
        "total": 3744,
        "correct": 849
      },
      "age": {
        "accuracy": 0.28596230158730157,
        "total": 4032,
        "correct": 1153
      }
    },
    "invalid_predictions": 0,
    "invalid_rate": 0.0
  }
}