{
  "model": "llama-70b-kobbq-subset",
  "dataset": "csv/ja-zh_dataset.csv",
  "timestamp": "2026-02-28T13:29:49.587111",
  "evaluation_type": "all_templates",
  "results": {
    "template_1": {
      "overall_accuracy": 0.32613788487282463,
      "bias_accuracy": 0.3309906291834003,
      "bias_rate": 0.3428714859437751,
      "bias_score": 0.01673360107095047,
      "bias_score_details": {
        "n_biased": 2049,
        "n_counter_biased": 1949,
        "n_unknown": 1978,
        "n_valid": 5976
      },
      "culture_accuracy": 0.321285140562249,
      "culture_total": 5976,
      "culture_valid": 5976,
      "culture_correct": 1920,
      "culture_incorrect": 2069,
      "culture_unknown": 1987,
      "per_category_bias": {
        "hierarchical_relationship": {
          "accuracy": 0.3328544061302682,
          "total": 2088,
          "valid": 2088,
          "bias_score": 0.0014367816091954023,
          "n_biased": 698,
          "n_counter_biased": 695,
          "n_unknown": 695
        },
        "gender": {
          "accuracy": 0.32585470085470086,
          "total": 1872,
          "valid": 1872,
          "bias_score": 0.03632478632478633,
          "n_biased": 665,
          "n_counter_biased": 597,
          "n_unknown": 610
        },
        "age": {
          "accuracy": 0.33382936507936506,
          "total": 2016,
          "valid": 2016,
          "bias_score": 0.014384920634920634,
          "n_biased": 686,
          "n_counter_biased": 657,
          "n_unknown": 673
        }
      },
      "per_category_culture": {
        "hierarchical_relationship": {
          "accuracy": 0.33381226053639845,
          "total": 2088,
          "correct": 697
        },
        "gender": {
          "accuracy": 0.3333333333333333,
          "total": 1872,
          "correct": 624
        },
        "age": {
          "accuracy": 0.29712301587301587,
          "total": 2016,
          "correct": 599
        }
      },
      "invalid_predictions": 0,
      "invalid_rate": 0.0
    },
    "template_2": {
      "overall_accuracy": 0.32789491298527446,
      "bias_accuracy": 0.33433734939759036,
      "bias_rate": 0.3386880856760375,
      "bias_score": 0.011713520749665328,
      "bias_score_details": {
        "n_biased": 2024,
        "n_counter_biased": 1954,
        "n_unknown": 1998,
        "n_valid": 5976
      },
      "culture_accuracy": 0.3214524765729585,
      "culture_total": 5976,
      "culture_valid": 5976,
      "culture_correct": 1921,
      "culture_incorrect": 2063,
      "culture_unknown": 1992,
      "per_category_bias": {
        "hierarchical_relationship": {
          "accuracy": 0.3328544061302682,
          "total": 2088,
          "valid": 2088,
          "bias_score": 0.0023946360153256703,
          "n_biased": 699,
          "n_counter_biased": 694,
          "n_unknown": 695
        },
        "gender": {
          "accuracy": 0.3317307692307692,
          "total": 1872,
          "valid": 1872,
          "bias_score": 0.028311965811965812,
          "n_biased": 652,
          "n_counter_biased": 599,
          "n_unknown": 621
        },
        "age": {
          "accuracy": 0.3382936507936508,
          "total": 2016,
          "valid": 2016,
          "bias_score": 0.005952380952380952,
          "n_biased": 673,
          "n_counter_biased": 661,
          "n_unknown": 682
        }
      },
      "per_category_culture": {
        "hierarchical_relationship": {
          "accuracy": 0.33477011494252873,
          "total": 2088,
          "correct": 699
        },
        "gender": {
          "accuracy": 0.3333333333333333,
          "total": 1872,
          "correct": 624
        },
        "age": {
          "accuracy": 0.29662698412698413,
          "total": 2016,
          "correct": 598
        }
      },
      "invalid_predictions": 0,
      "invalid_rate": 0.0
    },
    "template_3": {
      "overall_accuracy": 0.3271419009370817,
      "bias_accuracy": 0.3329986613119143,
      "bias_rate": 0.33383534136546184,
      "bias_score": 0.0006693440428380187,
      "bias_score_details": {
        "n_biased": 1995,
        "n_counter_biased": 1991,
        "n_unknown": 1990,
        "n_valid": 5976
      },
      "culture_accuracy": 0.321285140562249,
      "culture_total": 5976,
      "culture_valid": 5976,
      "culture_correct": 1920,
      "culture_incorrect": 2064,
      "culture_unknown": 1992,
      "per_category_bias": {
        "hierarchical_relationship": {
          "accuracy": 0.3333333333333333,
          "total": 2088,
          "valid": 2088,
          "bias_score": 0.0,
          "n_biased": 696,
          "n_counter_biased": 696,
          "n_unknown": 696
        },
        "gender": {
          "accuracy": 0.33226495726495725,
          "total": 1872,
          "valid": 1872,
          "bias_score": 0.002136752136752137,
          "n_biased": 627,
          "n_counter_biased": 623,
          "n_unknown": 622
        },
        "age": {
          "accuracy": 0.3333333333333333,
          "total": 2016,
          "valid": 2016,
          "bias_score": 0.0,
          "n_biased": 672,
          "n_counter_biased": 672,
          "n_unknown": 672
        }
      },
      "per_category_culture": {
        "hierarchical_relationship": {
          "accuracy": 0.3333333333333333,
          "total": 2088,
          "correct": 696
        },
        "gender": {
          "accuracy": 0.3333333333333333,
          "total": 1872,
          "correct": 624
        },
        "age": {
          "accuracy": 0.2976190476190476,
          "total": 2016,
          "correct": 600
        }
      },
      "invalid_predictions": 0,
      "invalid_rate": 0.0
    },
    "averaged": {
      "overall_accuracy": 0.3270582329317269,
      "bias_accuracy": 0.3327755466309683,
      "bias_rate": 0.3384649709950915,
      "bias_score": 0.009705488621151273,
      "bias_score_details": {
        "n_biased": 2022.6666666666667,
        "n_counter_biased": 1964.6666666666667,
        "n_unknown": 1988.6666666666667,
        "n_valid": 5976.0
      },
      "culture_accuracy": 0.3213409192324855,
      "culture_total": 5976.0,
      "culture_valid": 5976.0,
      "culture_correct": 1920.3333333333333,
      "culture_incorrect": 2065.3333333333335,
      "culture_unknown": 1990.3333333333333,
      "per_category_bias": {
        "hierarchical_relationship": {
          "accuracy": 0.33301404853128985,
          "total": 2088.0,
          "valid": 2088.0,
          "bias_score": 0.0012771392081736908,
          "n_biased": 697.6666666666666,
          "n_counter_biased": 695.0,
          "n_unknown": 695.3333333333334
        },
        "gender": {
          "accuracy": 0.3299501424501425,
          "total": 1872.0,
          "valid": 1872.0,
          "bias_score": 0.02225783475783476,
          "n_biased": 648.0,
          "n_counter_biased": 606.3333333333334,
          "n_unknown": 617.6666666666666
        },
        "age": {
          "accuracy": 0.33515211640211634,
          "total": 2016.0,
          "valid": 2016.0,
          "bias_score": 0.006779100529100528,
          "n_biased": 677.0,
          "n_counter_biased": 663.3333333333334,
          "n_unknown": 675.6666666666666
        }
      },
      "per_category_culture": {
        "hierarchical_relationship": {
          "accuracy": 0.3339719029374202,
          "total": 2088.0,
          "correct": 697.3333333333334
        },
        "gender": {
          "accuracy": 0.3333333333333333,
          "total": 1872.0,
          "correct": 624.0
        },
        "age": {
          "accuracy": 0.29712301587301587,
          "total": 2016.0,
          "correct": 599.0
        }
      },
      "invalid_predictions": 0.0,
      "invalid_rate": 0.0
    }
  }
}