{
  "model": "llama-70b-cbbq",
  "dataset": "csv/zh-ja-v2_dataset.csv",
  "timestamp": "2026-02-16T09:49:23.333840",
  "evaluation_type": "all_templates",
  "results": {
    "template_1": {
      "overall_accuracy": 0.7482253086419753,
      "bias_accuracy": 0.5623456790123457,
      "bias_rate": 0.4316358024691358,
      "bias_score": 0.42561728395061726,
      "bias_score_details": {
        "n_biased": 2797,
        "n_counter_biased": 39,
        "n_unknown": 3644,
        "n_valid": 6480
      },
      "culture_accuracy": 0.9341049382716049,
      "culture_total": 6480,
      "culture_valid": 6480,
      "culture_correct": 6053,
      "culture_incorrect": 5,
      "culture_unknown": 422,
      "per_category_bias": {
        "age": {
          "accuracy": 0.9824074074074074,
          "total": 2160,
          "valid": 2160,
          "bias_score": 0.009259259259259259,
          "n_biased": 29,
          "n_counter_biased": 9,
          "n_unknown": 2122
        },
        "gender": {
          "accuracy": 0.6212962962962963,
          "total": 2160,
          "valid": 2160,
          "bias_score": 0.35462962962962963,
          "n_biased": 792,
          "n_counter_biased": 26,
          "n_unknown": 1342
        },
        "hierarchical_relationship": {
          "accuracy": 0.08333333333333333,
          "total": 2160,
          "valid": 2160,
          "bias_score": 0.912962962962963,
          "n_biased": 1976,
          "n_counter_biased": 4,
          "n_unknown": 180
        }
      },
      "per_category_culture": {
        "age": {
          "accuracy": 0.8032407407407407,
          "total": 2160,
          "correct": 1735
        },
        "gender": {
          "accuracy": 0.9990740740740741,
          "total": 2160,
          "correct": 2158
        },
        "hierarchical_relationship": {
          "accuracy": 1.0,
          "total": 2160,
          "correct": 2160
        }
      },
      "invalid_predictions": 0,
      "invalid_rate": 0.0
    },
    "template_2": {
      "overall_accuracy": 0.7446759259259259,
      "bias_accuracy": 0.546604938271605,
      "bias_rate": 0.44382716049382714,
      "bias_score": 0.43425925925925923,
      "bias_score_details": {
        "n_biased": 2876,
        "n_counter_biased": 62,
        "n_unknown": 3542,
        "n_valid": 6480
      },
      "culture_accuracy": 0.9427469135802469,
      "culture_total": 6480,
      "culture_valid": 6480,
      "culture_correct": 6109,
      "culture_incorrect": 13,
      "culture_unknown": 358,
      "per_category_bias": {
        "age": {
          "accuracy": 0.9694444444444444,
          "total": 2160,
          "valid": 2160,
          "bias_score": 0.011111111111111112,
          "n_biased": 45,
          "n_counter_biased": 21,
          "n_unknown": 2094
        },
        "gender": {
          "accuracy": 0.6055555555555555,
          "total": 2160,
          "valid": 2160,
          "bias_score": 0.362962962962963,
          "n_biased": 818,
          "n_counter_biased": 34,
          "n_unknown": 1308
        },
        "hierarchical_relationship": {
          "accuracy": 0.06481481481481481,
          "total": 2160,
          "valid": 2160,
          "bias_score": 0.9287037037037037,
          "n_biased": 2013,
          "n_counter_biased": 7,
          "n_unknown": 140
        }
      },
      "per_category_culture": {
        "age": {
          "accuracy": 0.8287037037037037,
          "total": 2160,
          "correct": 1790
        },
        "gender": {
          "accuracy": 0.999537037037037,
          "total": 2160,
          "correct": 2159
        },
        "hierarchical_relationship": {
          "accuracy": 1.0,
          "total": 2160,
          "correct": 2160
        }
      },
      "invalid_predictions": 0,
      "invalid_rate": 0.0
    },
    "template_3": {
      "overall_accuracy": 0.751929012345679,
      "bias_accuracy": 0.5873456790123457,
      "bias_rate": 0.4024691358024691,
      "bias_score": 0.39228395061728394,
      "bias_score_details": {
        "n_biased": 2608,
        "n_counter_biased": 66,
        "n_unknown": 3806,
        "n_valid": 6480
      },
      "culture_accuracy": 0.9165123456790123,
      "culture_total": 6480,
      "culture_valid": 6480,
      "culture_correct": 5939,
      "culture_incorrect": 12,
      "culture_unknown": 529,
      "per_category_bias": {
        "age": {
          "accuracy": 0.9902777777777778,
          "total": 2160,
          "valid": 2160,
          "bias_score": 0.0060185185185185185,
          "n_biased": 17,
          "n_counter_biased": 4,
          "n_unknown": 2139
        },
        "gender": {
          "accuracy": 0.6449074074074074,
          "total": 2160,
          "valid": 2160,
          "bias_score": 0.3060185185185185,
          "n_biased": 714,
          "n_counter_biased": 53,
          "n_unknown": 1393
        },
        "hierarchical_relationship": {
          "accuracy": 0.12685185185185185,
          "total": 2160,
          "valid": 2160,
          "bias_score": 0.8648148148148148,
          "n_biased": 1877,
          "n_counter_biased": 9,
          "n_unknown": 274
        }
      },
      "per_category_culture": {
        "age": {
          "accuracy": 0.7574074074074074,
          "total": 2160,
          "correct": 1636
        },
        "gender": {
          "accuracy": 0.9958333333333333,
          "total": 2160,
          "correct": 2151
        },
        "hierarchical_relationship": {
          "accuracy": 0.9962962962962963,
          "total": 2160,
          "correct": 2152
        }
      },
      "invalid_predictions": 0,
      "invalid_rate": 0.0
    },
    "averaged": {
      "overall_accuracy": 0.7482767489711936,
      "bias_accuracy": 0.5654320987654321,
      "bias_rate": 0.42597736625514404,
      "bias_score": 0.4173868312757201,
      "bias_score_details": {
        "n_biased": 2760.3333333333335,
        "n_counter_biased": 55.666666666666664,
        "n_unknown": 3664.0,
        "n_valid": 6480.0
      },
      "culture_accuracy": 0.9311213991769547,
      "culture_total": 6480.0,
      "culture_valid": 6480.0,
      "culture_correct": 6033.666666666667,
      "culture_incorrect": 10.0,
      "culture_unknown": 436.3333333333333,
      "per_category_bias": {
        "age": {
          "accuracy": 0.98070987654321,
          "total": 2160.0,
          "valid": 2160.0,
          "bias_score": 0.008796296296296297,
          "n_biased": 30.333333333333332,
          "n_counter_biased": 11.333333333333334,
          "n_unknown": 2118.3333333333335
        },
        "gender": {
          "accuracy": 0.6239197530864198,
          "total": 2160.0,
          "valid": 2160.0,
          "bias_score": 0.3412037037037037,
          "n_biased": 774.6666666666666,
          "n_counter_biased": 37.666666666666664,
          "n_unknown": 1347.6666666666667
        },
        "hierarchical_relationship": {
          "accuracy": 0.09166666666666667,
          "total": 2160.0,
          "valid": 2160.0,
          "bias_score": 0.9021604938271605,
          "n_biased": 1955.3333333333333,
          "n_counter_biased": 6.666666666666667,
          "n_unknown": 198.0
        }
      },
      "per_category_culture": {
        "age": {
          "accuracy": 0.7964506172839506,
          "total": 2160.0,
          "correct": 1720.3333333333333
        },
        "gender": {
          "accuracy": 0.9981481481481481,
          "total": 2160.0,
          "correct": 2156.0
        },
        "hierarchical_relationship": {
          "accuracy": 0.9987654320987654,
          "total": 2160.0,
          "correct": 2157.3333333333335
        }
      },
      "invalid_predictions": 0.0,
      "invalid_rate": 0.0
    }
  }
}