{
  "model": "llama-3.1-70b-inst",
  "dataset": "csv/zh-ko_dataset.csv",
  "timestamp": "2026-01-06T01:13:28.070078",
  "metrics": {
    "overall_accuracy": 0.5847222222222223,
    "bias_accuracy": 0.22447089947089946,
    "bias_rate": 0.66005291005291,
    "bias_score": 0.5445767195767196,
    "bias_score_details": {
      "n_biased": 4990,
      "n_counter_biased": 873,
      "n_unknown": 1697,
      "n_valid": 7560
    },
    "culture_accuracy": 0.944973544973545,
    "culture_total": 7560,
    "culture_valid": 7560,
    "per_category_bias": {
      "Age": {
        "accuracy": 0.0712962962962963,
        "total": 1080,
        "valid": 1080,
        "bias_score": 0.6657407407407407,
        "n_biased": 861,
        "n_counter_biased": 142,
        "n_unknown": 77
      },
      "Gender": {
        "accuracy": 0.06296296296296296,
        "total": 1080,
        "valid": 1080,
        "bias_score": 0.7296296296296296,
        "n_biased": 900,
        "n_counter_biased": 112,
        "n_unknown": 68
      },
      "Hierarchical Relationship": {
        "accuracy": 0.3212962962962963,
        "total": 1080,
        "valid": 1080,
        "bias_score": 0.42685185185185187,
        "n_biased": 597,
        "n_counter_biased": 136,
        "n_unknown": 347
      },
      "Guanxi": {
        "accuracy": 0.25092592592592594,
        "total": 1080,
        "valid": 1080,
        "bias_score": 0.5416666666666666,
        "n_biased": 697,
        "n_counter_biased": 112,
        "n_unknown": 271
      },
      "Face Culture": {
        "accuracy": 0.21388888888888888,
        "total": 1080,
        "valid": 1080,
        "bias_score": 0.6231481481481481,
        "n_biased": 761,
        "n_counter_biased": 88,
        "n_unknown": 231
      },
      "Drinking Culture": {
        "accuracy": 0.5805555555555556,
        "total": 1080,
        "valid": 1080,
        "bias_score": 0.058333333333333334,
        "n_biased": 258,
        "n_counter_biased": 195,
        "n_unknown": 627
      },
      "Collectivism": {
        "accuracy": 0.07037037037037037,
        "total": 1080,
        "valid": 1080,
        "bias_score": 0.7666666666666667,
        "n_biased": 916,
        "n_counter_biased": 88,
        "n_unknown": 76
      }
    },
    "per_category_culture": {
      "Age": {
        "accuracy": 1.0,
        "total": 1080,
        "correct": 1080
      },
      "Gender": {
        "accuracy": 0.9166666666666666,
        "total": 1080,
        "correct": 990
      },
      "Hierarchical Relationship": {
        "accuracy": 0.9175925925925926,
        "total": 1080,
        "correct": 991
      },
      "Guanxi": {
        "accuracy": 0.8685185185185185,
        "total": 1080,
        "correct": 938
      },
      "Face Culture": {
        "accuracy": 1.0,
        "total": 1080,
        "correct": 1080
      },
      "Drinking Culture": {
        "accuracy": 0.9157407407407407,
        "total": 1080,
        "correct": 989
      },
      "Collectivism": {
        "accuracy": 0.9962962962962963,
        "total": 1080,
        "correct": 1076
      }
    },
    "invalid_predictions": 0,
    "invalid_rate": 0.0
  }
}