{
  "model": "llama-3.1-70b-inst",
  "dataset": "csv/ja-ko_dataset.csv",
  "timestamp": "2025-11-26T18:02:35.701845",
  "metrics": {
    "overall_accuracy": 0.4887884872824632,
    "bias_accuracy": 0.5731258366800536,
    "bias_rate": 0.32095046854083,
    "bias_score": 0.21502677376171353,
    "bias_score_details": {
      "n_biased": 1918,
      "n_counter_biased": 633,
      "n_unknown": 3425,
      "n_valid": 5976
    },
    "culture_accuracy": 0.4044511378848728,
    "per_category": {
      "hierarchical_relationship": {
        "accuracy": 0.5862068965517241,
        "total": 4176,
        "correct": 2448
      },
      "gender": {
        "accuracy": 0.5160256410256411,
        "total": 3744,
        "correct": 1932
      },
      "age": {
        "accuracy": 0.36259920634920634,
        "total": 4032,
        "correct": 1462
      }
    },
    "invalid_predictions": 0,
    "invalid_rate": 0.0
  }
}