{
  "model": "llama-3.1-70b-inst",
  "dataset": "csv/ja-zh_dataset.csv",
  "timestamp": "2025-11-27T16:41:11.860328",
  "metrics": {
    "overall_accuracy": 0.4200970548862115,
    "bias_accuracy": 0.36211512717536815,
    "bias_rate": 0.48477242302543505,
    "bias_score": 0.3316599732262383,
    "bias_score_details": {
      "n_biased": 2897,
      "n_counter_biased": 915,
      "n_unknown": 2164,
      "n_valid": 5976
    },
    "culture_accuracy": 0.4780789825970549,
    "per_category": {
      "hierarchical_relationship": {
        "accuracy": 0.5680076628352491,
        "total": 4176,
        "correct": 2372
      },
      "gender": {
        "accuracy": 0.312232905982906,
        "total": 3744,
        "correct": 1169
      },
      "age": {
        "accuracy": 0.36706349206349204,
        "total": 4032,
        "correct": 1480
      }
    },
    "invalid_predictions": 0,
    "invalid_rate": 0.0
  }
}