{
  "model": "llama-70b-jbbq",
  "dataset": "csv/ja-ko_dataset.csv",
  "timestamp": "2026-02-16T07:09:28.837837",
  "evaluation_type": "all_templates",
  "results": {
    "template_1": {
      "overall_accuracy": 0.5202476572958501,
      "bias_accuracy": 0.46703480589022756,
      "bias_rate": 0.39742302543507363,
      "bias_score": 0.2618808567603748,
      "bias_score_details": {
        "n_biased": 2375,
        "n_counter_biased": 810,
        "n_unknown": 2791,
        "n_valid": 5976
      },
      "culture_accuracy": 0.5734605087014726,
      "culture_total": 5976,
      "culture_valid": 5976,
      "culture_correct": 3427,
      "culture_incorrect": 1093,
      "culture_unknown": 1456,
      "per_category_bias": {
        "hierarchical_relationship": {
          "accuracy": 0.6748084291187739,
          "total": 2088,
          "valid": 2088,
          "bias_score": 0.28879310344827586,
          "n_biased": 641,
          "n_counter_biased": 38,
          "n_unknown": 1409
        },
        "gender": {
          "accuracy": 0.10844017094017094,
          "total": 1872,
          "valid": 1872,
          "bias_score": 0.11485042735042734,
          "n_biased": 942,
          "n_counter_biased": 727,
          "n_unknown": 203
        },
        "age": {
          "accuracy": 0.5848214285714286,
          "total": 2016,
          "valid": 2016,
          "bias_score": 0.3705357142857143,
          "n_biased": 792,
          "n_counter_biased": 45,
          "n_unknown": 1179
        }
      },
      "per_category_culture": {
        "hierarchical_relationship": {
          "accuracy": 0.5742337164750958,
          "total": 2088,
          "correct": 1199
        },
        "gender": {
          "accuracy": 0.7248931623931624,
          "total": 1872,
          "correct": 1357
        },
        "age": {
          "accuracy": 0.4320436507936508,
          "total": 2016,
          "correct": 871
        }
      },
      "invalid_predictions": 0,
      "invalid_rate": 0.0
    },
    "template_2": {
      "overall_accuracy": 0.5403279785809906,
      "bias_accuracy": 0.5433400267737617,
      "bias_rate": 0.33701472556894246,
      "bias_score": 0.2173694779116466,
      "bias_score_details": {
        "n_biased": 2014,
        "n_counter_biased": 715,
        "n_unknown": 3247,
        "n_valid": 5976
      },
      "culture_accuracy": 0.5373159303882196,
      "culture_total": 5976,
      "culture_valid": 5976,
      "culture_correct": 3211,
      "culture_incorrect": 975,
      "culture_unknown": 1790,
      "per_category_bias": {
        "hierarchical_relationship": {
          "accuracy": 0.7198275862068966,
          "total": 2088,
          "valid": 2088,
          "bias_score": 0.2543103448275862,
          "n_biased": 558,
          "n_counter_biased": 27,
          "n_unknown": 1503
        },
        "gender": {
          "accuracy": 0.21367521367521367,
          "total": 1872,
          "valid": 1872,
          "bias_score": 0.07371794871794872,
          "n_biased": 805,
          "n_counter_biased": 667,
          "n_unknown": 400
        },
        "age": {
          "accuracy": 0.6666666666666666,
          "total": 2016,
          "valid": 2016,
          "bias_score": 0.3125,
          "n_biased": 651,
          "n_counter_biased": 21,
          "n_unknown": 1344
        }
      },
      "per_category_culture": {
        "hierarchical_relationship": {
          "accuracy": 0.5239463601532567,
          "total": 2088,
          "correct": 1094
        },
        "gender": {
          "accuracy": 0.6928418803418803,
          "total": 1872,
          "correct": 1297
        },
        "age": {
          "accuracy": 0.40674603174603174,
          "total": 2016,
          "correct": 820
        }
      },
      "invalid_predictions": 0,
      "invalid_rate": 0.0
    },
    "template_3": {
      "overall_accuracy": 0.5284471218206158,
      "bias_accuracy": 0.5113788487282463,
      "bias_rate": 0.3607764390896921,
      "bias_score": 0.23293172690763053,
      "bias_score_details": {
        "n_biased": 2156,
        "n_counter_biased": 764,
        "n_unknown": 3056,
        "n_valid": 5976
      },
      "culture_accuracy": 0.5455153949129853,
      "culture_total": 5976,
      "culture_valid": 5976,
      "culture_correct": 3260,
      "culture_incorrect": 931,
      "culture_unknown": 1785,
      "per_category_bias": {
        "hierarchical_relationship": {
          "accuracy": 0.7337164750957854,
          "total": 2088,
          "valid": 2088,
          "bias_score": 0.22413793103448276,
          "n_biased": 512,
          "n_counter_biased": 44,
          "n_unknown": 1532
        },
        "gender": {
          "accuracy": 0.16025641025641027,
          "total": 1872,
          "valid": 1872,
          "bias_score": 0.10683760683760683,
          "n_biased": 886,
          "n_counter_biased": 686,
          "n_unknown": 300
        },
        "age": {
          "accuracy": 0.6071428571428571,
          "total": 2016,
          "valid": 2016,
          "bias_score": 0.35912698412698413,
          "n_biased": 758,
          "n_counter_biased": 34,
          "n_unknown": 1224
        }
      },
      "per_category_culture": {
        "hierarchical_relationship": {
          "accuracy": 0.5526819923371648,
          "total": 2088,
          "correct": 1154
        },
        "gender": {
          "accuracy": 0.6543803418803419,
          "total": 1872,
          "correct": 1225
        },
        "age": {
          "accuracy": 0.43700396825396826,
          "total": 2016,
          "correct": 881
        }
      },
      "invalid_predictions": 0,
      "invalid_rate": 0.0
    },
    "averaged": {
      "overall_accuracy": 0.5296742525658188,
      "bias_accuracy": 0.5072512271307451,
      "bias_rate": 0.36507139669790273,
      "bias_score": 0.23739402052655065,
      "bias_score_details": {
        "n_biased": 2181.6666666666665,
        "n_counter_biased": 763.0,
        "n_unknown": 3031.3333333333335,
        "n_valid": 5976.0
      },
      "culture_accuracy": 0.5520972780008925,
      "culture_total": 5976.0,
      "culture_valid": 5976.0,
      "culture_correct": 3299.3333333333335,
      "culture_incorrect": 999.6666666666666,
      "culture_unknown": 1677.0,
      "per_category_bias": {
        "hierarchical_relationship": {
          "accuracy": 0.7094508301404853,
          "total": 2088.0,
          "valid": 2088.0,
          "bias_score": 0.2557471264367816,
          "n_biased": 570.3333333333334,
          "n_counter_biased": 36.333333333333336,
          "n_unknown": 1481.3333333333333
        },
        "gender": {
          "accuracy": 0.16079059829059827,
          "total": 1872.0,
          "valid": 1872.0,
          "bias_score": 0.09846866096866097,
          "n_biased": 877.6666666666666,
          "n_counter_biased": 693.3333333333334,
          "n_unknown": 301.0
        },
        "age": {
          "accuracy": 0.6195436507936508,
          "total": 2016.0,
          "valid": 2016.0,
          "bias_score": 0.3473875661375661,
          "n_biased": 733.6666666666666,
          "n_counter_biased": 33.333333333333336,
          "n_unknown": 1249.0
        }
      },
      "per_category_culture": {
        "hierarchical_relationship": {
          "accuracy": 0.5502873563218391,
          "total": 2088.0,
          "correct": 1149.0
        },
        "gender": {
          "accuracy": 0.6907051282051282,
          "total": 1872.0,
          "correct": 1293.0
        },
        "age": {
          "accuracy": 0.42526455026455023,
          "total": 2016.0,
          "correct": 857.3333333333334
        }
      },
      "invalid_predictions": 0.0,
      "invalid_rate": 0.0
    }
  }
}