{
  "model": "llama-70b-jbbq",
  "dataset": "csv/ko-zh-v2_dataset.csv",
  "timestamp": "2026-02-16T09:12:01.764336",
  "evaluation_type": "all_templates",
  "results": {
    "template_1": {
      "overall_accuracy": 0.5142857142857142,
      "bias_accuracy": 0.6891534391534392,
      "bias_rate": 0.216005291005291,
      "bias_score": 0.12116402116402117,
      "bias_score_details": {
        "n_biased": 1633,
        "n_counter_biased": 717,
        "n_unknown": 5210,
        "n_valid": 7560
      },
      "culture_accuracy": 0.3394179894179894,
      "culture_total": 7560,
      "culture_valid": 7560,
      "culture_correct": 2566,
      "culture_incorrect": 1017,
      "culture_unknown": 3977,
      "per_category_bias": {
        "hierarchical_relationship": {
          "accuracy": 0.7801724137931034,
          "total": 2088,
          "valid": 2088,
          "bias_score": 0.016762452107279693,
          "n_biased": 247,
          "n_counter_biased": 212,
          "n_unknown": 1629
        },
        "gender": {
          "accuracy": 0.24179292929292928,
          "total": 1584,
          "valid": 1584,
          "bias_score": 0.3301767676767677,
          "n_biased": 862,
          "n_counter_biased": 339,
          "n_unknown": 383
        },
        "age": {
          "accuracy": 0.9662698412698413,
          "total": 2016,
          "valid": 2016,
          "bias_score": 0.001984126984126984,
          "n_biased": 36,
          "n_counter_biased": 32,
          "n_unknown": 1948
        },
        "title": {
          "accuracy": 0.7023809523809523,
          "total": 1008,
          "valid": 1008,
          "bias_score": 0.03968253968253968,
          "n_biased": 170,
          "n_counter_biased": 130,
          "n_unknown": 708
        },
        "elitism": {
          "accuracy": 0.6273148148148148,
          "total": 864,
          "valid": 864,
          "bias_score": 0.36342592592592593,
          "n_biased": 318,
          "n_counter_biased": 4,
          "n_unknown": 542
        }
      },
      "per_category_culture": {
        "hierarchical_relationship": {
          "accuracy": 0.40373563218390807,
          "total": 2088,
          "correct": 843
        },
        "gender": {
          "accuracy": 0.23484848484848486,
          "total": 1584,
          "correct": 372
        },
        "age": {
          "accuracy": 0.053075396825396824,
          "total": 2016,
          "correct": 107
        },
        "title": {
          "accuracy": 0.9375,
          "total": 1008,
          "correct": 945
        },
        "elitism": {
          "accuracy": 0.3460648148148148,
          "total": 864,
          "correct": 299
        }
      },
      "invalid_predictions": 0,
      "invalid_rate": 0.0
    },
    "template_2": {
      "overall_accuracy": 0.5174603174603175,
      "bias_accuracy": 0.7104497354497354,
      "bias_rate": 0.20304232804232805,
      "bias_score": 0.11653439153439153,
      "bias_score_details": {
        "n_biased": 1535,
        "n_counter_biased": 654,
        "n_unknown": 5371,
        "n_valid": 7560
      },
      "culture_accuracy": 0.32447089947089947,
      "culture_total": 7560,
      "culture_valid": 7560,
      "culture_correct": 2453,
      "culture_incorrect": 1039,
      "culture_unknown": 4068,
      "per_category_bias": {
        "hierarchical_relationship": {
          "accuracy": 0.8223180076628352,
          "total": 2088,
          "valid": 2088,
          "bias_score": 0.009099616858237548,
          "n_biased": 195,
          "n_counter_biased": 176,
          "n_unknown": 1717
        },
        "gender": {
          "accuracy": 0.25063131313131315,
          "total": 1584,
          "valid": 1584,
          "bias_score": 0.3301767676767677,
          "n_biased": 855,
          "n_counter_biased": 332,
          "n_unknown": 397
        },
        "age": {
          "accuracy": 0.9618055555555556,
          "total": 2016,
          "valid": 2016,
          "bias_score": 0.02132936507936508,
          "n_biased": 60,
          "n_counter_biased": 17,
          "n_unknown": 1939
        },
        "title": {
          "accuracy": 0.7678571428571429,
          "total": 1008,
          "valid": 1008,
          "bias_score": -0.01984126984126984,
          "n_biased": 107,
          "n_counter_biased": 127,
          "n_unknown": 774
        },
        "elitism": {
          "accuracy": 0.6296296296296297,
          "total": 864,
          "valid": 864,
          "bias_score": 0.36574074074074076,
          "n_biased": 318,
          "n_counter_biased": 2,
          "n_unknown": 544
        }
      },
      "per_category_culture": {
        "hierarchical_relationship": {
          "accuracy": 0.35584291187739464,
          "total": 2088,
          "correct": 743
        },
        "gender": {
          "accuracy": 0.22790404040404041,
          "total": 1584,
          "correct": 361
        },
        "age": {
          "accuracy": 0.052083333333333336,
          "total": 2016,
          "correct": 105
        },
        "title": {
          "accuracy": 0.9365079365079365,
          "total": 1008,
          "correct": 944
        },
        "elitism": {
          "accuracy": 0.3472222222222222,
          "total": 864,
          "correct": 300
        }
      },
      "invalid_predictions": 0,
      "invalid_rate": 0.0
    },
    "template_3": {
      "overall_accuracy": 0.5482804232804233,
      "bias_accuracy": 0.7843915343915344,
      "bias_rate": 0.15251322751322752,
      "bias_score": 0.08941798941798942,
      "bias_score_details": {
        "n_biased": 1153,
        "n_counter_biased": 477,
        "n_unknown": 5930,
        "n_valid": 7560
      },
      "culture_accuracy": 0.31216931216931215,
      "culture_total": 7560,
      "culture_valid": 7560,
      "culture_correct": 2360,
      "culture_incorrect": 708,
      "culture_unknown": 4492,
      "per_category_bias": {
        "hierarchical_relationship": {
          "accuracy": 0.9042145593869731,
          "total": 2088,
          "valid": 2088,
          "bias_score": 0.0019157088122605363,
          "n_biased": 102,
          "n_counter_biased": 98,
          "n_unknown": 1888
        },
        "gender": {
          "accuracy": 0.33396464646464646,
          "total": 1584,
          "valid": 1584,
          "bias_score": 0.3023989898989899,
          "n_biased": 767,
          "n_counter_biased": 288,
          "n_unknown": 529
        },
        "age": {
          "accuracy": 0.9791666666666666,
          "total": 2016,
          "valid": 2016,
          "bias_score": -0.000992063492063492,
          "n_biased": 20,
          "n_counter_biased": 22,
          "n_unknown": 1974
        },
        "title": {
          "accuracy": 0.8640873015873016,
          "total": 1008,
          "valid": 1008,
          "bias_score": 0.00496031746031746,
          "n_biased": 71,
          "n_counter_biased": 66,
          "n_unknown": 871
        },
        "elitism": {
          "accuracy": 0.7731481481481481,
          "total": 864,
          "valid": 864,
          "bias_score": 0.2199074074074074,
          "n_biased": 193,
          "n_counter_biased": 3,
          "n_unknown": 668
        }
      },
      "per_category_culture": {
        "hierarchical_relationship": {
          "accuracy": 0.34626436781609193,
          "total": 2088,
          "correct": 723
        },
        "gender": {
          "accuracy": 0.1900252525252525,
          "total": 1584,
          "correct": 301
        },
        "age": {
          "accuracy": 0.042162698412698416,
          "total": 2016,
          "correct": 85
        },
        "title": {
          "accuracy": 0.9305555555555556,
          "total": 1008,
          "correct": 938
        },
        "elitism": {
          "accuracy": 0.36226851851851855,
          "total": 864,
          "correct": 313
        }
      },
      "invalid_predictions": 0,
      "invalid_rate": 0.0
    },