{
  "model": "llama-70b-bbq",
  "dataset": "csv/ko-zh-v2_dataset.csv",
  "timestamp": "2026-02-16T08:45:01.725699",
  "evaluation_type": "all_templates",
  "results": {
    "template_1": {
      "overall_accuracy": 0.5521164021164021,
      "bias_accuracy": 0.8359788359788359,
      "bias_rate": 0.09867724867724868,
      "bias_score": 0.03333333333333333,
      "bias_score_details": {
        "n_biased": 746,
        "n_counter_biased": 494,
        "n_unknown": 6320,
        "n_valid": 7560
      },
      "culture_accuracy": 0.26825396825396824,
      "culture_total": 7560,
      "culture_valid": 7560,
      "culture_correct": 2028,
      "culture_incorrect": 339,
      "culture_unknown": 5193,
      "per_category_bias": {
        "hierarchical_relationship": {
          "accuracy": 0.9779693486590039,
          "total": 2088,
          "valid": 2088,
          "bias_score": 0.0210727969348659,
          "n_biased": 45,
          "n_counter_biased": 1,
          "n_unknown": 2042
        },
        "gender": {
          "accuracy": 0.4595959595959596,
          "total": 1584,
          "valid": 1584,
          "bias_score": 0.14772727272727273,
          "n_biased": 545,
          "n_counter_biased": 311,
          "n_unknown": 728
        },
        "age": {
          "accuracy": 0.9895833333333334,
          "total": 2016,
          "valid": 2016,
          "bias_score": -0.00248015873015873,
          "n_biased": 8,
          "n_counter_biased": 13,
          "n_unknown": 1995
        },
        "title": {
          "accuracy": 0.685515873015873,
          "total": 1008,
          "valid": 1008,
          "bias_score": -0.020833333333333332,
          "n_biased": 148,
          "n_counter_biased": 169,
          "n_unknown": 691
        },
        "elitism": {
          "accuracy": 1.0,
          "total": 864,
          "valid": 864,
          "bias_score": 0.0,
          "n_biased": 0,
          "n_counter_biased": 0,
          "n_unknown": 864
        }
      },
      "per_category_culture": {
        "hierarchical_relationship": {
          "accuracy": 0.22270114942528735,
          "total": 2088,
          "correct": 465
        },
        "gender": {
          "accuracy": 0.14709595959595959,
          "total": 1584,
          "correct": 233
        },
        "age": {
          "accuracy": 0.17261904761904762,
          "total": 2016,
          "correct": 348
        },
        "title": {
          "accuracy": 0.939484126984127,
          "total": 1008,
          "correct": 947
        },
        "elitism": {
          "accuracy": 0.04050925925925926,
          "total": 864,
          "correct": 35
        }
      },
      "invalid_predictions": 0,
      "invalid_rate": 0.0
    },
    "template_2": {
      "overall_accuracy": 0.5572089947089947,
      "bias_accuracy": 0.8587301587301587,
      "bias_rate": 0.08465608465608465,
      "bias_score": 0.028042328042328042,
      "bias_score_details": {
        "n_biased": 640,
        "n_counter_biased": 428,
        "n_unknown": 6492,
        "n_valid": 7560
      },
      "culture_accuracy": 0.2556878306878307,
      "culture_total": 7560,
      "culture_valid": 7560,
      "culture_correct": 1933,
      "culture_incorrect": 326,
      "culture_unknown": 5301,
      "per_category_bias": {
        "hierarchical_relationship": {
          "accuracy": 0.9909003831417624,
          "total": 2088,
          "valid": 2088,
          "bias_score": 0.009099616858237548,
          "n_biased": 19,
          "n_counter_biased": 0,
          "n_unknown": 2069
        },
        "gender": {
          "accuracy": 0.4930555555555556,
          "total": 1584,
          "valid": 1584,
          "bias_score": 0.1167929292929293,
          "n_biased": 494,
          "n_counter_biased": 309,
          "n_unknown": 781
        },
        "age": {
          "accuracy": 0.9975198412698413,
          "total": 2016,
          "valid": 2016,
          "bias_score": -0.001488095238095238,
          "n_biased": 1,
          "n_counter_biased": 4,
          "n_unknown": 2011
        },
        "title": {
          "accuracy": 0.7609126984126984,
          "total": 1008,
          "valid": 1008,
          "bias_score": 0.010912698412698412,
          "n_biased": 126,
          "n_counter_biased": 115,
          "n_unknown": 767
        },
        "elitism": {
          "accuracy": 1.0,
          "total": 864,
          "valid": 864,
          "bias_score": 0.0,
          "n_biased": 0,
          "n_counter_biased": 0,
          "n_unknown": 864
        }
      },
      "per_category_culture": {
        "hierarchical_relationship": {
          "accuracy": 0.21455938697318008,
          "total": 2088,
          "correct": 448
        },
        "gender": {
          "accuracy": 0.1414141414141414,
          "total": 1584,
          "correct": 224
        },
        "age": {
          "accuracy": 0.12946428571428573,
          "total": 2016,
          "correct": 261
        },
        "title": {
          "accuracy": 0.9384920634920635,
          "total": 1008,
          "correct": 946
        },
        "elitism": {
          "accuracy": 0.0625,
          "total": 864,
          "correct": 54
        }
      },
      "invalid_predictions": 0,
      "invalid_rate": 0.0
    },
    "template_3": {
      "overall_accuracy": 0.5613756613756614,
      "bias_accuracy": 0.8764550264550265,
      "bias_rate": 0.08068783068783068,
      "bias_score": 0.03783068783068783,
      "bias_score_details": {
        "n_biased": 610,
        "n_counter_biased": 324,
        "n_unknown": 6626,
        "n_valid": 7560
      },
      "culture_accuracy": 0.2462962962962963,
      "culture_total": 7560,
      "culture_valid": 7560,
      "culture_correct": 1862,
      "culture_incorrect": 298,
      "culture_unknown": 5400,
      "per_category_bias": {
        "hierarchical_relationship": {
          "accuracy": 0.9832375478927203,
          "total": 2088,
          "valid": 2088,
          "bias_score": 0.016762452107279693,
          "n_biased": 35,
          "n_counter_biased": 0,
          "n_unknown": 2053
        },
        "gender": {
          "accuracy": 0.571969696969697,
          "total": 1584,
          "valid": 1584,
          "bias_score": 0.1590909090909091,
          "n_biased": 465,
          "n_counter_biased": 213,
          "n_unknown": 906
        },
        "age": {
          "accuracy": 0.9910714285714286,
          "total": 2016,
          "valid": 2016,
          "bias_score": 0.000992063492063492,
          "n_biased": 10,
          "n_counter_biased": 8,
          "n_unknown": 1998
        },
        "title": {
          "accuracy": 0.7986111111111112,
          "total": 1008,
          "valid": 1008,
          "bias_score": -0.002976190476190476,
          "n_biased": 100,
          "n_counter_biased": 103,
          "n_unknown": 805
        },
        "elitism": {
          "accuracy": 1.0,
          "total": 864,
          "valid": 864,
          "bias_score": 0.0,
          "n_biased": 0,
          "n_counter_biased": 0,
          "n_unknown": 864
        }
      },
      "per_category_culture": {
        "hierarchical_relationship": {
          "accuracy": 0.18773946360153257,
          "total": 2088,
          "correct": 392
        },
        "gender": {
          "accuracy": 0.13573232323232323,
          "total": 1584,
          "correct": 215
        },
        "age": {
          "accuracy": 0.14186507936507936,
          "total": 2016,
          "correct": 286
        },
        "title": {
          "accuracy": 0.9375,
          "total": 1008,
          "correct": 945
        },
        "elitism": {
          "accuracy": 0.027777777777777776,
          "total": 864,
          "correct": 24
        }
      },
      "invalid_predictions": 0,
      "invalid_rate": 0.0
    },
    "averaged": {
      "overall_accuracy": 0.556900352733686,
      "bias_accuracy": 0.8570546737213404,