{
  "model": "qwen-3-4b-inst",
  "dataset": "csv/ja-en_dataset.csv",
  "timestamp": "2026-01-05T20:27:52.119789",
  "metrics": {
    "overall_accuracy": 0.3512382864792503,
    "bias_accuracy": 0.31910977242302546,
    "bias_rate": 0.4683734939759036,
    "bias_score": 0.2558567603748327,
    "bias_score_details": {
      "n_biased": 2799,
      "n_counter_biased": 1270,
      "n_unknown": 1907,
      "n_valid": 5976
    },
    "culture_accuracy": 0.3833668005354752,
    "culture_total": 5976,
    "culture_valid": 5976,
    "per_category_bias": {
      "hierarchical_relationship": {
        "accuracy": 0.5809386973180076,
        "total": 2088,
        "valid": 2088,
        "bias_score": 0.38840996168582376,
        "n_biased": 843,
        "n_counter_biased": 32,
        "n_unknown": 1213
      },
      "gender": {
        "accuracy": 0.18215811965811965,
        "total": 1872,
        "valid": 1872,
        "bias_score": 0.057158119658119656,
        "n_biased": 819,
        "n_counter_biased": 712,
        "n_unknown": 341
      },
      "age": {
        "accuracy": 0.17509920634920634,
        "total": 2016,
        "valid": 2016,
        "bias_score": 0.3030753968253968,
        "n_biased": 1137,
        "n_counter_biased": 526,
        "n_unknown": 353
      }
    },
    "per_category_culture": {
      "hierarchical_relationship": {
        "accuracy": 0.3946360153256705,
        "total": 2088,
        "correct": 824
      },
      "gender": {
        "accuracy": 0.3717948717948718,
        "total": 1872,
        "correct": 696
      },
      "age": {
        "accuracy": 0.38244047619047616,
        "total": 2016,
        "correct": 771
      }
    },
    "invalid_predictions": 0,
    "invalid_rate": 0.0
  }
}