{
  "model": "qwen-3-30b-inst",
  "dataset": "csv/ko-zh-v2_dataset.csv",
  "timestamp": "2026-03-25T14:23:11.560494",
  "evaluation_type": "all_templates_cot",
  "results": {
    "template_1": {
      "overall_accuracy": 0.6477513227513227,
      "bias_accuracy": 0.7527777777777778,
      "bias_rate": 0.13333333333333333,
      "bias_score": 0.019444444444444445,
      "bias_score_details": {
        "n_biased": 1008,
        "n_counter_biased": 861,
        "n_unknown": 5691,
        "n_valid": 7560
      },
      "culture_accuracy": 0.5427248677248677,
      "culture_total": 7560,
      "culture_valid": 7560,
      "culture_correct": 4103,
      "culture_incorrect": 1520,
      "culture_unknown": 1937,
      "per_category_bias": {
        "hierarchical_relationship": {
          "accuracy": 0.9626436781609196,
          "total": 2088,
          "valid": 2088,
          "bias_score": 0.028735632183908046,
          "n_biased": 69,
          "n_counter_biased": 9,
          "n_unknown": 2010
        },
        "gender": {
          "accuracy": 0.5612373737373737,
          "total": 1584,
          "valid": 1584,
          "bias_score": 0.17866161616161616,
          "n_biased": 489,
          "n_counter_biased": 206,
          "n_unknown": 889
        },
        "age": {
          "accuracy": 0.6805555555555556,
          "total": 2016,
          "valid": 2016,
          "bias_score": 0.025793650793650792,
          "n_biased": 348,
          "n_counter_biased": 296,
          "n_unknown": 1372
        },
        "title": {
          "accuracy": 0.560515873015873,
          "total": 1008,
          "valid": 1008,
          "bias_score": -0.25297619047619047,
          "n_biased": 94,
          "n_counter_biased": 349,
          "n_unknown": 565
        },
        "elitism": {
          "accuracy": 0.9895833333333334,
          "total": 864,
          "valid": 864,
          "bias_score": 0.008101851851851851,
          "n_biased": 8,
          "n_counter_biased": 1,
          "n_unknown": 855
        }
      },
      "per_category_culture": {
        "hierarchical_relationship": {
          "accuracy": 0.5632183908045977,
          "total": 2088,
          "correct": 1176
        },
        "gender": {
          "accuracy": 0.5359848484848485,
          "total": 1584,
          "correct": 849
        },
        "age": {
          "accuracy": 0.527281746031746,
          "total": 2016,
          "correct": 1063
        },
        "title": {
          "accuracy": 0.9305555555555556,
          "total": 1008,
          "correct": 938
        },
        "elitism": {
          "accuracy": 0.08912037037037036,
          "total": 864,
          "correct": 77
        }
      },
      "invalid_predictions": 0,
      "invalid_rate": 0.0
    },
    "template_2": {
      "overall_accuracy": 0.6396825396825396,
      "bias_accuracy": 0.7531746031746032,
      "bias_rate": 0.1425925925925926,
      "bias_score": 0.03835978835978836,
      "bias_score_details": {
        "n_biased": 1078,
        "n_counter_biased": 788,
        "n_unknown": 5694,
        "n_valid": 7560
      },
      "culture_accuracy": 0.5261904761904762,
      "culture_total": 7560,
      "culture_valid": 7560,
      "culture_correct": 3978,
      "culture_incorrect": 1603,
      "culture_unknown": 1979,
      "per_category_bias": {
        "hierarchical_relationship": {
          "accuracy": 0.9549808429118773,
          "total": 2088,
          "valid": 2088,
          "bias_score": 0.035440613026819924,
          "n_biased": 84,
          "n_counter_biased": 10,
          "n_unknown": 1994
        },
        "gender": {
          "accuracy": 0.5284090909090909,
          "total": 1584,
          "valid": 1584,
          "bias_score": 0.2556818181818182,
          "n_biased": 576,
          "n_counter_biased": 171,
          "n_unknown": 837
        },
        "age": {
          "accuracy": 0.7232142857142857,
          "total": 2016,
          "valid": 2016,
          "bias_score": 0.008928571428571428,
          "n_biased": 288,
          "n_counter_biased": 270,
          "n_unknown": 1458
        },
        "title": {
          "accuracy": 0.5496031746031746,
          "total": 1008,
          "valid": 1008,
          "bias_score": -0.21825396825396826,
          "n_biased": 117,
          "n_counter_biased": 337,
          "n_unknown": 554
        },
        "elitism": {
          "accuracy": 0.9849537037037037,
          "total": 864,
          "valid": 864,
          "bias_score": 0.015046296296296295,
          "n_biased": 13,
          "n_counter_biased": 0,
          "n_unknown": 851
        }
      },
      "per_category_culture": {
        "hierarchical_relationship": {
          "accuracy": 0.6020114942528736,
          "total": 2088,
          "correct": 1257
        },
        "gender": {
          "accuracy": 0.4318181818181818,
          "total": 1584,
          "correct": 684
        },
        "age": {
          "accuracy": 0.5094246031746031,
          "total": 2016,
          "correct": 1027
        },
        "title": {
          "accuracy": 0.8829365079365079,
          "total": 1008,
          "correct": 890
        },
        "elitism": {
          "accuracy": 0.1388888888888889,
          "total": 864,
          "correct": 120
        }
      },
      "invalid_predictions": 0,
      "invalid_rate": 0.0
    },
    "template_3": {
      "overall_accuracy": 0.6552248677248678,
      "bias_accuracy": 0.7771164021164021,
      "bias_rate": 0.12156084656084656,
      "bias_score": 0.02023809523809524,
      "bias_score_details": {
        "n_biased": 919,
        "n_counter_biased": 766,
        "n_unknown": 5875,
        "n_valid": 7560
      },
      "culture_accuracy": 0.5333333333333333,
      "culture_total": 7560,
      "culture_valid": 7560,
      "culture_correct": 4032,
      "culture_incorrect": 1423,
      "culture_unknown": 2105,
      "per_category_bias": {
        "hierarchical_relationship": {
          "accuracy": 0.9487547892720306,
          "total": 2088,
          "valid": 2088,
          "bias_score": 0.03879310344827586,
          "n_biased": 94,
          "n_counter_biased": 13,
          "n_unknown": 1981
        },
        "gender": {
          "accuracy": 0.6300505050505051,
          "total": 1584,
          "valid": 1584,
          "bias_score": 0.18181818181818182,
          "n_biased": 437,
          "n_counter_biased": 149,
          "n_unknown": 998
        },
        "age": {
          "accuracy": 0.7450396825396826,
          "total": 2016,
          "valid": 2016,
          "bias_score": 0.0496031746031746,
          "n_biased": 307,
          "n_counter_biased": 207,
          "n_unknown": 1502
        },
        "title": {
          "accuracy": 0.5486111111111112,
          "total": 1008,
          "valid": 1008,
          "bias_score": -0.33630952380952384,
          "n_biased": 58,
          "n_counter_biased": 397,
          "n_unknown": 553
        },
        "elitism": {
          "accuracy": 0.9733796296296297,
          "total": 864,
          "valid": 864,
          "bias_score": 0.02662037037037037,
          "n_biased": 23,
          "n_counter_biased": 0,
          "n_unknown": 841
        }
      },
      "per_category_culture": {
        "hierarchical_relationship": {
          "accuracy": 0.5790229885057471,
          "total": 2088,
          "correct": 1209
        },
        "gender": {
          "accuracy": 0.5,
          "total": 1584,
          "correct": 792
        },
        "age": {
          "accuracy": 0.49603174603174605,
          "total": 2016,
          "correct": 1000
        },
        "title": {
          "accuracy": 0.9563492063492064,
          "total": 1008,
          "correct": 964
        },
        "elitism": {
          "accuracy": 0.0775462962962963,
          "total": 864,
          "correct": 67
        }
      },
      "invalid_predictions": 0,
      "invalid_rate": 0.0
    },