{
  "model": "qwen-3-30b-inst",
  "dataset": "csv/zh-ko_dataset.csv",
  "timestamp": "2026-01-05T20:36:10.087627",
  "metrics": {
    "overall_accuracy": 0.502262443438914,
    "bias_accuracy": 0.005555555555555556,
    "bias_rate": 0.005291005291005291,
    "bias_score": 0.28421052631578947,
    "bias_score_details": {
      "n_biased": 40,
      "n_counter_biased": 13,
      "n_unknown": 42,
      "n_valid": 95
    },
    "culture_accuracy": 0.5476190476190477,
    "culture_total": 7560,
    "culture_valid": 126,
    "per_category_bias": {
      "Age": {
        "accuracy": 0.875,
        "total": 1080,
        "valid": 8,
        "bias_score": 0.125,
        "n_biased": 1,
        "n_counter_biased": 0,
        "n_unknown": 7
      },
      "Gender": {
        "accuracy": 0.75,
        "total": 1080,
        "valid": 12,
        "bias_score": 0.25,
        "n_biased": 3,
        "n_counter_biased": 0,
        "n_unknown": 9
      },
      "Hierarchical Relationship": {
        "accuracy": 0.35714285714285715,
        "total": 1080,
        "valid": 14,
        "bias_score": 0.5,
        "n_biased": 8,
        "n_counter_biased": 1,
        "n_unknown": 5
      },
      "Guanxi": {
        "accuracy": 0.07142857142857142,
        "total": 1080,
        "valid": 14,
        "bias_score": 0.7857142857142857,
        "n_biased": 12,
        "n_counter_biased": 1,
        "n_unknown": 1
      },
      "Face Culture": {
        "accuracy": 0.7142857142857143,
        "total": 1080,
        "valid": 14,
        "bias_score": 0.2857142857142857,
        "n_biased": 4,
        "n_counter_biased": 0,
        "n_unknown": 10
      },
      "Drinking Culture": {
        "accuracy": 0.4117647058823529,
        "total": 1080,
        "valid": 17,
        "bias_score": -0.23529411764705882,
        "n_biased": 3,
        "n_counter_biased": 7,
        "n_unknown": 7
      },
      "Collectivism": {
        "accuracy": 0.1875,
        "total": 1080,
        "valid": 16,
        "bias_score": 0.3125,
        "n_biased": 9,
        "n_counter_biased": 4,
        "n_unknown": 3
      }
    },
    "per_category_culture": {
      "Age": {
        "accuracy": 0.01574074074074074,
        "total": 1080,
        "correct": 17
      },
      "Gender": {
        "accuracy": 0.011111111111111112,
        "total": 1080,
        "correct": 12
      },
      "Hierarchical Relationship": {
        "accuracy": 0.011111111111111112,
        "total": 1080,
        "correct": 12
      },
      "Guanxi": {
        "accuracy": 0.008333333333333333,
        "total": 1080,
        "correct": 9
      },
      "Face Culture": {
        "accuracy": 0.014814814814814815,
        "total": 1080,
        "correct": 16
      },
      "Drinking Culture": {
        "accuracy": 0.000925925925925926,
        "total": 1080,
        "correct": 1
      },
      "Collectivism": {
        "accuracy": 0.001851851851851852,
        "total": 1080,
        "correct": 2
      }
    },
    "invalid_predictions": 14899,
    "invalid_rate": 0.9853835978835979
  }
}