{
  "model": "qwen-3-4b-inst",
  "dataset": "csv/zh-ja_dataset.csv",
  "timestamp": "2025-12-22T22:35:28.043640",
  "metrics": {
    "overall_accuracy": 0.5197751322751323,
    "bias_accuracy": 0.07857142857142857,
    "bias_rate": 0.8226190476190476,
    "bias_score": 0.7238095238095238,
    "bias_score_details": {
      "n_biased": 6219,
      "n_counter_biased": 747,
      "n_unknown": 594,
      "n_valid": 7560
    },
    "culture_accuracy": 0.9609788359788359,
    "culture_total": 7560,
    "culture_valid": 7560,
    "per_category_bias": {
      "Age": {
        "accuracy": 0.1,
        "total": 1080,
        "valid": 1080,
        "bias_score": 0.9,
        "n_biased": 972,
        "n_counter_biased": 0,
        "n_unknown": 108
      },
      "Gender": {
        "accuracy": 0.0,
        "total": 1080,
        "valid": 1080,
        "bias_score": 0.9981481481481481,
        "n_biased": 1079,
        "n_counter_biased": 1,
        "n_unknown": 0
      },
      "Hierarchical Relationship": {
        "accuracy": 0.09351851851851851,
        "total": 1080,
        "valid": 1080,
        "bias_score": 0.7712962962962963,
        "n_biased": 906,
        "n_counter_biased": 73,
        "n_unknown": 101
      },
      "Guanxi": {
        "accuracy": 0.019444444444444445,
        "total": 1080,
        "valid": 1080,
        "bias_score": 0.9805555555555555,
        "n_biased": 1059,
        "n_counter_biased": 0,
        "n_unknown": 21
      },
      "Face Culture": {
        "accuracy": 0.18425925925925926,
        "total": 1080,
        "valid": 1080,
        "bias_score": 0.7564814814814815,
        "n_biased": 849,
        "n_counter_biased": 32,
        "n_unknown": 199
      },
      "Drinking Culture": {
        "accuracy": 0.11388888888888889,
        "total": 1080,
        "valid": 1080,
        "bias_score": -0.21388888888888888,
        "n_biased": 363,
        "n_counter_biased": 594,
        "n_unknown": 123
      },
      "Collectivism": {
        "accuracy": 0.03888888888888889,
        "total": 1080,
        "valid": 1080,
        "bias_score": 0.8740740740740741,
        "n_biased": 991,
        "n_counter_biased": 47,
        "n_unknown": 42
      }
    },
    "per_category_culture": {
      "Age": {
        "accuracy": 0.9981481481481481,
        "total": 1080,
        "correct": 1078
      },
      "Gender": {
        "accuracy": 0.9064814814814814,
        "total": 1080,
        "correct": 979
      },
      "Hierarchical Relationship": {
        "accuracy": 0.9740740740740741,
        "total": 1080,
        "correct": 1052
      },
      "Guanxi": {
        "accuracy": 0.8833333333333333,
        "total": 1080,
        "correct": 954
      },
      "Face Culture": {
        "accuracy": 1.0,
        "total": 1080,
        "correct": 1080
      },
      "Drinking Culture": {
        "accuracy": 0.9648148148148148,
        "total": 1080,
        "correct": 1042
      },
      "Collectivism": {
        "accuracy": 1.0,
        "total": 1080,
        "correct": 1080
      }
    },
    "invalid_predictions": 0,
    "invalid_rate": 0.0
  }
}