{
  "model": "qwen-3-30b-inst",
  "dataset": "csv/zh-ko_dataset.csv",
  "timestamp": "2025-12-18T15:46:11.863484",
  "metrics": {
    "overall_accuracy": 0.3911559789563486,
    "bias_accuracy": 0.183994708994709,
    "bias_rate": 0.18624338624338624,
    "bias_score": 0.1870767494356659,
    "bias_score_details": {
      "n_biased": 1408,
      "n_counter_biased": 745,
      "n_unknown": 1391,
      "n_valid": 3544
    },
    "culture_accuracy": 0.38979650329607335,
    "culture_total": 7560,
    "culture_valid": 3489,
    "per_category_bias": {
      "Age": {
        "accuracy": 0.3504950495049505,
        "total": 1080,
        "valid": 505,
        "bias_score": 0.4,
        "n_biased": 265,
        "n_counter_biased": 63,
        "n_unknown": 177
      },
      "Gender": {
        "accuracy": 0.32649253731343286,
        "total": 1080,
        "valid": 536,
        "bias_score": 0.27052238805970147,
        "n_biased": 253,
        "n_counter_biased": 108,
        "n_unknown": 175
      },
      "Hierarchical Relationship": {
        "accuracy": 0.23684210526315788,
        "total": 1080,
        "valid": 532,
        "bias_score": 0.3383458646616541,
        "n_biased": 293,
        "n_counter_biased": 113,
        "n_unknown": 126
      },
      "Guanxi": {
        "accuracy": 0.3979591836734694,
        "total": 1080,
        "valid": 490,
        "bias_score": 0.1489795918367347,
        "n_biased": 184,
        "n_counter_biased": 111,
        "n_unknown": 195
      },
      "Face Culture": {
        "accuracy": 0.40117416829745595,
        "total": 1080,
        "valid": 511,
        "bias_score": 0.23874755381604695,
        "n_biased": 214,
        "n_counter_biased": 92,
        "n_unknown": 205
      },
      "Drinking Culture": {
        "accuracy": 0.5489795918367347,
        "total": 1080,
        "valid": 490,
        "bias_score": -0.23061224489795917,
        "n_biased": 54,
        "n_counter_biased": 167,
        "n_unknown": 269
      },
      "Collectivism": {
        "accuracy": 0.5083333333333333,
        "total": 1080,
        "valid": 480,
        "bias_score": 0.1125,
        "n_biased": 145,
        "n_counter_biased": 91,
        "n_unknown": 244
      }
    },
    "per_category_culture": {
      "Age": {
        "accuracy": 0.22777777777777777,
        "total": 1080,
        "correct": 246
      },
      "Gender": {
        "accuracy": 0.18333333333333332,
        "total": 1080,
        "correct": 198
      },
      "Hierarchical Relationship": {
        "accuracy": 0.2564814814814815,
        "total": 1080,
        "correct": 277
      },
      "Guanxi": {
        "accuracy": 0.18796296296296297,
        "total": 1080,
        "correct": 203
      },
      "Face Culture": {
        "accuracy": 0.17685185185185184,
        "total": 1080,
        "correct": 191
      },
      "Drinking Culture": {
        "accuracy": 0.07222222222222222,
        "total": 1080,
        "correct": 78
      },
      "Collectivism": {
        "accuracy": 0.15462962962962962,
        "total": 1080,
        "correct": 167
      }
    },
    "invalid_predictions": 8087,
    "invalid_rate": 0.5348544973544973
  }
}