{
  "model": "qwen-3-4b-inst",
  "dataset": "csv/ja_dataset.csv",
  "timestamp": "2025-11-10T20:54:32.836656",
  "metrics": {
    "overall_accuracy": 0.4615963855421687,
    "bias_accuracy": 0.5466867469879518,
    "bias_rate": 0.3232931726907631,
    "bias_score": 0.1932730923694779,
    "bias_score_details": {
      "n_biased": 1932,
      "n_counter_biased": 777,
      "n_unknown": 3267,
      "n_valid": 5976
    },
    "culture_accuracy": 0.37650602409638556,
    "per_category": {
      "hierarchical_relationship": {
        "accuracy": 0.5337643678160919,
        "total": 4176,
        "correct": 2229
      },
      "gender": {
        "accuracy": 0.4188034188034188,
        "total": 3744,
        "correct": 1568
      },
      "age": {
        "accuracy": 0.42658730158730157,
        "total": 4032,
        "correct": 1720
      }
    },
    "invalid_predictions": 0,
    "invalid_rate": 0.0
  }
}