{
  "model": "qwen-3-30b-inst",
  "dataset": "csv/ja-ko_dataset.csv",
  "timestamp": "2026-03-25T12:47:53.691931",
  "evaluation_type": "all_templates_cot",
  "results": {
    "template_1": {
      "overall_accuracy": 0.6132028112449799,
      "bias_accuracy": 0.6899263721552878,
      "bias_rate": 0.24799196787148595,
      "bias_score": 0.1859103078982597,
      "bias_score_details": {
        "n_biased": 1482,
        "n_counter_biased": 371,
        "n_unknown": 4123,
        "n_valid": 5976
      },
      "culture_accuracy": 0.536479250334672,
      "culture_total": 5976,
      "culture_valid": 5976,
      "culture_correct": 3206,
      "culture_incorrect": 1710,
      "culture_unknown": 1060,
      "per_category_bias": {
        "hierarchical_relationship": {
          "accuracy": 0.8189655172413793,
          "total": 2088,
          "valid": 2088,
          "bias_score": 0.15421455938697318,
          "n_biased": 350,
          "n_counter_biased": 28,
          "n_unknown": 1710
        },
        "gender": {
          "accuracy": 0.6623931623931624,
          "total": 1872,
          "valid": 1872,
          "bias_score": 0.042735042735042736,
          "n_biased": 356,
          "n_counter_biased": 276,
          "n_unknown": 1240
        },
        "age": {
          "accuracy": 0.5818452380952381,
          "total": 2016,
          "valid": 2016,
          "bias_score": 0.35168650793650796,
          "n_biased": 776,
          "n_counter_biased": 67,
          "n_unknown": 1173
        }
      },
      "per_category_culture": {
        "hierarchical_relationship": {
          "accuracy": 0.4329501915708812,
          "total": 2088,
          "correct": 904
        },
        "gender": {
          "accuracy": 0.5550213675213675,
          "total": 1872,
          "correct": 1039
        },
        "age": {
          "accuracy": 0.6264880952380952,
          "total": 2016,
          "correct": 1263
        }
      },
      "invalid_predictions": 0,
      "invalid_rate": 0.0
    },
    "template_2": {
      "overall_accuracy": 0.6297690763052208,
      "bias_accuracy": 0.7478246318607764,
      "bias_rate": 0.19494645247657297,
      "bias_score": 0.13771753681392235,
      "bias_score_details": {
        "n_biased": 1165,
        "n_counter_biased": 342,
        "n_unknown": 4469,
        "n_valid": 5976
      },
      "culture_accuracy": 0.5117135207496654,
      "culture_total": 5976,
      "culture_valid": 5976,
      "culture_correct": 3058,
      "culture_incorrect": 1572,
      "culture_unknown": 1346,
      "per_category_bias": {
        "hierarchical_relationship": {
          "accuracy": 0.8405172413793104,
          "total": 2088,
          "valid": 2088,
          "bias_score": 0.11829501915708812,
          "n_biased": 290,
          "n_counter_biased": 43,
          "n_unknown": 1755
        },
        "gender": {
          "accuracy": 0.7094017094017094,
          "total": 1872,
          "valid": 1872,
          "bias_score": 0.023504273504273504,
          "n_biased": 294,
          "n_counter_biased": 250,
          "n_unknown": 1328
        },
        "age": {
          "accuracy": 0.6875,
          "total": 2016,
          "valid": 2016,
          "bias_score": 0.2638888888888889,
          "n_biased": 581,
          "n_counter_biased": 49,
          "n_unknown": 1386
        }
      },
      "per_category_culture": {
        "hierarchical_relationship": {
          "accuracy": 0.40325670498084293,
          "total": 2088,
          "correct": 842
        },
        "gender": {
          "accuracy": 0.5026709401709402,
          "total": 1872,
          "correct": 941
        },
        "age": {
          "accuracy": 0.6324404761904762,
          "total": 2016,
          "correct": 1275
        }
      },
      "invalid_predictions": 0,
      "invalid_rate": 0.0
    },
    "template_3": {
      "overall_accuracy": 0.6083500669344043,
      "bias_accuracy": 0.6745314591700133,
      "bias_rate": 0.2543507362784471,
      "bias_score": 0.18323293172690763,
      "bias_score_details": {
        "n_biased": 1520,
        "n_counter_biased": 425,
        "n_unknown": 4031,
        "n_valid": 5976
      },
      "culture_accuracy": 0.5421686746987951,
      "culture_total": 5976,
      "culture_valid": 5976,
      "culture_correct": 3240,
      "culture_incorrect": 1628,
      "culture_unknown": 1108,
      "per_category_bias": {
        "hierarchical_relationship": {
          "accuracy": 0.8194444444444444,
          "total": 2088,
          "valid": 2088,
          "bias_score": 0.14511494252873564,
          "n_biased": 340,
          "n_counter_biased": 37,
          "n_unknown": 1711
        },
        "gender": {
          "accuracy": 0.6362179487179487,
          "total": 1872,
          "valid": 1872,
          "bias_score": 0.052884615384615384,
          "n_biased": 390,
          "n_counter_biased": 291,
          "n_unknown": 1191
        },
        "age": {
          "accuracy": 0.5600198412698413,
          "total": 2016,
          "valid": 2016,
          "bias_score": 0.34375,
          "n_biased": 790,
          "n_counter_biased": 97,
          "n_unknown": 1129
        }
      },
      "per_category_culture": {
        "hierarchical_relationship": {
          "accuracy": 0.43486590038314177,
          "total": 2088,
          "correct": 908
        },
        "gender": {
          "accuracy": 0.5742521367521367,
          "total": 1872,
          "correct": 1075
        },
        "age": {
          "accuracy": 0.6235119047619048,
          "total": 2016,
          "correct": 1257
        }
      },
      "invalid_predictions": 0,
      "invalid_rate": 0.0
    },
    "averaged": {
      "overall_accuracy": 0.6171073181615351,
      "bias_accuracy": 0.7040941543953592,
      "bias_rate": 0.232429718875502,
      "bias_score": 0.16895359214636327,
      "bias_score_details": {
        "n_biased": 1389.0,
        "n_counter_biased": 379.3333333333333,
        "n_unknown": 4207.666666666667,
        "n_valid": 5976.0
      },
      "culture_accuracy": 0.5301204819277109,
      "culture_total": 5976.0,
      "culture_valid": 5976.0,
      "culture_correct": 3168.0,
      "culture_incorrect": 1636.6666666666667,
      "culture_unknown": 1171.3333333333333,
      "per_category_bias": {
        "hierarchical_relationship": {
          "accuracy": 0.8263090676883781,
          "total": 2088.0,
          "valid": 2088.0,
          "bias_score": 0.13920817369093233,
          "n_biased": 326.6666666666667,
          "n_counter_biased": 36.0,
          "n_unknown": 1725.3333333333333
        },
        "gender": {
          "accuracy": 0.6693376068376068,
          "total": 1872.0,
          "valid": 1872.0,
          "bias_score": 0.0397079772079772,
          "n_biased": 346.6666666666667,
          "n_counter_biased": 272.3333333333333,
          "n_unknown": 1253.0
        },
        "age": {
          "accuracy": 0.6097883597883599,
          "total": 2016.0,
          "valid": 2016.0,
          "bias_score": 0.31977513227513227,
          "n_biased": 715.6666666666666,
          "n_counter_biased": 71.0,
          "n_unknown": 1229.3333333333333
        }
      },
      "per_category_culture": {
        "hierarchical_relationship": {
          "accuracy": 0.42369093231162197,
          "total": 2088.0,
          "correct": 884.6666666666666
        },
        "gender": {
          "accuracy": 0.5439814814814815,
          "total": 1872.0,
          "correct": 1018.3333333333334
        },
        "age": {
          "accuracy": 0.6274801587301587,
          "total": 2016.0,
          "correct": 1265.0
        }
      },
      "invalid_predictions": 0.0,
      "invalid_rate": 0.0
    }
  }
}