{
  "model": "qwen-3-4b-inst",
  "dataset": "csv/ko-ja-v2_dataset.csv",
  "timestamp": "2025-12-15T16:32:35.588086",
  "metrics": {
    "overall_accuracy": 0.4074074074074074,
    "bias_accuracy": 0.43002645502645503,
    "bias_rate": 0.3443121693121693,
    "bias_score": 0.11865079365079365,
    "bias_score_details": {
      "n_biased": 2603,
      "n_counter_biased": 1706,
      "n_unknown": 3251,
      "n_valid": 7560
    },
    "culture_accuracy": 0.3847883597883598,
    "per_category": {
      "hierarchical_relationship": {
        "accuracy": 0.4964080459770115,
        "total": 4176,
        "correct": 2073
      },
      "gender": {
        "accuracy": 0.317550505050505,
        "total": 3168,
        "correct": 1006
      },
      "age": {
        "accuracy": 0.34399801587301587,
        "total": 4032,
        "correct": 1387
      },
      "title": {
        "accuracy": 0.38244047619047616,
        "total": 2016,
        "correct": 771
      },
      "elitism": {
        "accuracy": 0.5341435185185185,
        "total": 1728,
        "correct": 923
      }
    },
    "invalid_predictions": 0,
    "invalid_rate": 0.0
  }
}