{
  "model": "swallow-3.1-8b-inst",
  "dataset": "csv/ja-en_dataset.csv",
  "timestamp": "2026-01-05T21:10:10.700087",
  "metrics": {
    "overall_accuracy": 0.27819611780455156,
    "bias_accuracy": 0.2222222222222222,
    "bias_rate": 0.4877844712182062,
    "bias_score": 0.19779116465863453,
    "bias_score_details": {
      "n_biased": 2915,
      "n_counter_biased": 1733,
      "n_unknown": 1328,
      "n_valid": 5976
    },
    "culture_accuracy": 0.33417001338688085,
    "culture_total": 5976,
    "culture_valid": 5976,
    "per_category_bias": {
      "hierarchical_relationship": {
        "accuracy": 0.3817049808429119,
        "total": 2088,
        "valid": 2088,
        "bias_score": 0.33955938697318006,
        "n_biased": 1000,
        "n_counter_biased": 291,
        "n_unknown": 797
      },
      "gender": {
        "accuracy": 0.011217948717948718,
        "total": 1872,
        "valid": 1872,
        "bias_score": -0.012286324786324786,
        "n_biased": 914,
        "n_counter_biased": 937,
        "n_unknown": 21
      },
      "age": {
        "accuracy": 0.25297619047619047,
        "total": 2016,
        "valid": 2016,
        "bias_score": 0.24603174603174602,
        "n_biased": 1001,
        "n_counter_biased": 505,
        "n_unknown": 510
      }
    },
    "per_category_culture": {
      "hierarchical_relationship": {
        "accuracy": 0.34339080459770116,
        "total": 2088,
        "correct": 717
      },
      "gender": {
        "accuracy": 0.26816239316239315,
        "total": 1872,
        "correct": 502
      },
      "age": {
        "accuracy": 0.38591269841269843,
        "total": 2016,
        "correct": 778
      }
    },
    "invalid_predictions": 0,
    "invalid_rate": 0.0
  }
}