{
  "model": "swallow-3.1-8b-inst",
  "dataset": "csv/zh-en_dataset.csv",
  "timestamp": "2026-01-05T21:24:51.734896",
  "metrics": {
    "overall_accuracy": 0.6476851851851851,
    "bias_accuracy": 0.37804232804232807,
    "bias_rate": 0.5834656084656085,
    "bias_score": 0.544973544973545,
    "bias_score_details": {
      "n_biased": 4411,
      "n_counter_biased": 291,
      "n_unknown": 2858,
      "n_valid": 7560
    },
    "culture_accuracy": 0.9173280423280423,
    "culture_total": 7560,
    "culture_valid": 7560,
    "per_category_bias": {
      "Age": {
        "accuracy": 0.1638888888888889,
        "total": 1080,
        "valid": 1080,
        "bias_score": 0.8287037037037037,
        "n_biased": 899,
        "n_counter_biased": 4,
        "n_unknown": 177
      },
      "Gender": {
        "accuracy": 0.34444444444444444,
        "total": 1080,
        "valid": 1080,
        "bias_score": 0.6222222222222222,
        "n_biased": 690,
        "n_counter_biased": 18,
        "n_unknown": 372
      },
      "Hierarchical Relationship": {
        "accuracy": 0.47314814814814815,
        "total": 1080,
        "valid": 1080,
        "bias_score": 0.4935185185185185,
        "n_biased": 551,
        "n_counter_biased": 18,
        "n_unknown": 511
      },
      "Guanxi": {
        "accuracy": 0.21574074074074073,
        "total": 1080,
        "valid": 1080,
        "bias_score": 0.7824074074074074,
        "n_biased": 846,
        "n_counter_biased": 1,
        "n_unknown": 233
      },
      "Face Culture": {
        "accuracy": 0.45,
        "total": 1080,
        "valid": 1080,
        "bias_score": 0.5148148148148148,
        "n_biased": 575,
        "n_counter_biased": 19,
        "n_unknown": 486
      },
      "Drinking Culture": {
        "accuracy": 0.7175925925925926,
        "total": 1080,
        "valid": 1080,
        "bias_score": -0.08796296296296297,
        "n_biased": 105,
        "n_counter_biased": 200,
        "n_unknown": 775
      },
      "Collectivism": {
        "accuracy": 0.2814814814814815,
        "total": 1080,
        "valid": 1080,
        "bias_score": 0.6611111111111111,
        "n_biased": 745,
        "n_counter_biased": 31,
        "n_unknown": 304
      }
    },
    "per_category_culture": {
      "Age": {
        "accuracy": 0.9175925925925926,
        "total": 1080,
        "correct": 991
      },
      "Gender": {
        "accuracy": 0.8314814814814815,
        "total": 1080,
        "correct": 898
      },
      "Hierarchical Relationship": {
        "accuracy": 0.8416666666666667,
        "total": 1080,
        "correct": 909
      },
      "Guanxi": {
        "accuracy": 1.0,
        "total": 1080,
        "correct": 1080
      },
      "Face Culture": {
        "accuracy": 0.9314814814814815,
        "total": 1080,
        "correct": 1006
      },
      "Drinking Culture": {
        "accuracy": 0.9083333333333333,
        "total": 1080,
        "correct": 981
      },
      "Collectivism": {
        "accuracy": 0.9907407407407407,
        "total": 1080,
        "correct": 1070
      }
    },
    "invalid_predictions": 0,
    "invalid_rate": 0.0
  }
}