{
  "model": "swallow-3.1-8b-inst",
  "dataset": "csv/zh-zh_dataset.csv",
  "timestamp": "2025-12-16T22:11:38.927235",
  "metrics": {
    "overall_accuracy": 0.3281084656084656,
    "bias_accuracy": 0.18346560846560847,
    "bias_rate": 0.4064814814814815,
    "bias_score": -0.0035714285714285713,
    "bias_score_details": {
      "n_biased": 3073,
      "n_counter_biased": 3100,
      "n_unknown": 1387,
      "n_valid": 7560
    },
    "culture_accuracy": 0.47275132275132276,
    "culture_total": 7560,
    "culture_valid": 7560,
    "per_category_bias": {
      "Age": {
        "accuracy": 0.09444444444444444,
        "total": 1080,
        "valid": 1080,
        "bias_score": 0.016666666666666666,
        "n_biased": 498,
        "n_counter_biased": 480,
        "n_unknown": 102
      },
      "Gender": {
        "accuracy": 0.09259259259259259,
        "total": 1080,
        "valid": 1080,
        "bias_score": -0.07777777777777778,
        "n_biased": 448,
        "n_counter_biased": 532,
        "n_unknown": 100
      },
      "Hierarchical Relationship": {
        "accuracy": 0.3388888888888889,
        "total": 1080,
        "valid": 1080,
        "bias_score": -0.11481481481481481,
        "n_biased": 295,
        "n_counter_biased": 419,
        "n_unknown": 366
      },
      "Guanxi": {
        "accuracy": 0.11574074074074074,
        "total": 1080,
        "valid": 1080,
        "bias_score": 0.032407407407407406,
        "n_biased": 495,
        "n_counter_biased": 460,
        "n_unknown": 125
      },
      "Face Culture": {
        "accuracy": 0.15833333333333333,
        "total": 1080,
        "valid": 1080,
        "bias_score": -0.021296296296296296,
        "n_biased": 443,
        "n_counter_biased": 466,
        "n_unknown": 171
      },
      "Drinking Culture": {
        "accuracy": 0.3388888888888889,
        "total": 1080,
        "valid": 1080,
        "bias_score": 0.022222222222222223,
        "n_biased": 369,
        "n_counter_biased": 345,
        "n_unknown": 366
      },
      "Collectivism": {
        "accuracy": 0.14537037037037037,
        "total": 1080,
        "valid": 1080,
        "bias_score": 0.1175925925925926,
        "n_biased": 525,
        "n_counter_biased": 398,
        "n_unknown": 157
      }
    },
    "per_category_culture": {
      "Age": {
        "accuracy": 0.4935185185185185,
        "total": 1080,
        "correct": 533
      },
      "Gender": {
        "accuracy": 0.4787037037037037,
        "total": 1080,
        "correct": 517
      },
      "Hierarchical Relationship": {
        "accuracy": 0.45,
        "total": 1080,
        "correct": 486
      },
      "Guanxi": {
        "accuracy": 0.4675925925925926,
        "total": 1080,
        "correct": 505
      },
      "Face Culture": {
        "accuracy": 0.4898148148148148,
        "total": 1080,
        "correct": 529
      },
      "Drinking Culture": {
        "accuracy": 0.43333333333333335,
        "total": 1080,
        "correct": 468
      },
      "Collectivism": {
        "accuracy": 0.4962962962962963,
        "total": 1080,
        "correct": 536
      }
    },
    "invalid_predictions": 0,
    "invalid_rate": 0.0
  }
}